SEXO;EDAD;HORA HECHO;FECHA HECHO;FECHA FALL.;CONDICION
Masculino;22;.;1/01/2016;1/01/2016;Motociclista
Masculino;28;.;1/01/2016;1/01/2016;Motociclista
Masculino;25;.;2/01/2016;2/01/2016;Motociclista
Masculino;20;6:40;4/01/2016;4/01/2016;Motociclista
Masculino;20;15:30;8/01/2016;8/01/2016;Motociclista
Femenino;67;.;9/01/2016;9/01/2016;Peatón
Masculino;24;6:50;10/01/2016;10/01/2016;Motociclista
Femenino;27;.;10/01/2016;13/01/2016;Motociclista
Masculino;32;6:15;15/01/2016;15/01/2016;Peatón
Masculino;34;.;17/01/2016;17/01/2016;Peatón
Masculino;20;.;17/01/2016;17/01/2016;Motociclista
Masculino;27;.;19/01/2016;19/01/2016;Motociclista
Masculino;22;.;14/01/2016;19/01/2016;Motociclista
Masculino;22;.;20/01/2016;20/01/2016;Motociclista
Femenino;79;.;20/01/2016;20/01/2016;Parrillero
Masculino;63;.;13/01/2016;20/01/2016;Motociclista
Masculino;18;.;22/01/2016;22/01/2016;Motociclista
Masculino;46;.;16/01/2016;22/01/2016;Motociclista
Masculino;57;6:30;7/01/2016;22/01/2016;Ciclista
Masculino;58;10:42;23/01/2016;23/01/2016;Peatón
Masculino;.;.;23/01/2016;23/01/2016;Sin dato
Masculino;32;7:35;24/01/2016;24/01/2016;Motociclista
Masculino;61;21:15;23/01/2016;24/01/2016;Peatón
Masculino;17;.;24/01/2016;25/01/2016;Motociclista
Masculino;22;.;24/01/2016;25/01/2016;Ciclista
Femenino;21;22:50;26/01/2016;26/01/2016;Parrillero
Masculino;61;10:38;28/01/2016;28/01/2016;Ciclista
Masculino;17;.;31/01/2016;31/01/2016;Ciclista
Femenino;29;.;30/01/2016;1/02/2016;Peatón
Masculino;63;18:15;2/02/2016;2/02/2016;Ciclista
Masculino;45;.;30/01/2016;2/02/2016;Peatón
Femenino;20;15:30;28/02/2016;4/02/2016;Parrillero
Masculino;60;.;4/02/2016;4/02/2016;Ciclista
Femenino;43;13:05;5/02/2016;5/02/2016;Parrillero
Masculino;62;.;6/02/2016;6/02/2016;Peatón
Masculino;62;11:45;7/02/2016;7/02/2016;Parrillero
Masculino;33;4:05;7/02/2016;7/02/2016;Ciclista
Masculino;19;11:36;31/01/2016;7/02/2016;Parrillero
Masculino;21;.;9/02/2016;10/02/2016;Motociclista
Masculino;59;15:30;8/02/2017;11/02/2016;Peatón
Masculino;31;.;11/02/2016;11/02/2016;Motociclista
Masculino;75;3:30;6/02/2016;11/02/2016;Peatón
Masculino;17;0:05;12/02/2016;12/02/2016;Motociclista
Masculino;51;6:45;8/02/2016;12/02/2016;Parrillero
Femenino;73;.;2/02/2016;12/02/2016;Peatón
Masculino;30;.;13/02/2016;13/02/2016;Motociclista
Masculino;28;.;2/02/2016;13/02/2016;Motociclista
Masculino;59;8:50;17/02/2016;17/02/2016;Motociclista
Masculino;79;.;12/02/2016;17/02/2016;Peatón
Masculino;78;.;9/02/2016;18/02/2016;Ciclista
Masculino;65;.;6/01/2016;18/02/2016;Peatón
Femenino;78;9:30;16/02/2016;19/02/2016;Peatón
Masculino;26;12:00;19/02/2016;20/02/2016;Motociclista
Masculino;22;17:10;21/02/2016;25/02/2016;Ciclista
Masculino;27;.;27/02/2016;27/02/2016;Motociclista
Femenino;17;.;27/02/2016;28/02/2016;Parrillero
Masculino;23;19:30;29/02/2016;29/02/2016;Peatón
Masculino;64;.;29/02/2016;1/03/2016;Ciclista
Masculino;28;21:40;5/03/2016;5/03/2016;Peatón
Masculino;41;22:40;7/03/2016;7/03/2016;Peatón
Femenino;91;.;7/03/2016;7/03/2016;Peatón
Masculino;34;22:30;6/03/2016;8/03/2016;Motociclista
Femenino;25;.;9/03/2016;9/03/2016;Motociclista
Masculino;19;13:05;10/03/2016;10/03/2016;Motociclista
Masculino;19;22:40;5/03/2016;15/03/2016;Motociclista
Masculino;31;5:00;16/03/2016;16/03/2016;Motociclista
Masculino;35;14:20;15/03/2016;16/03/2016;Motociclista
Femenino;26;21:30;18/03/2016;18/03/2016;Motociclista
Masculino;32;2:00;18/03/2016;18/03/2016;Conductor
Masculino;85;6:20;7/03/2016;18/03/2016;Peatón
Masculino;62;17:50;20/03/2016;20/03/2016;Peatón
Masculino;18;2:08;20/03/2016;20/03/2016;Motociclista
Femenino;60;18:15;21/03/2016;21/03/2016;Conductor
Femenino;22;12:10;22/03/2016;22/03/2016;Motociclista
Femenino;68;18:50;22/03/2016;23/03/2016;Peatón
Masculino;45;18:20;24/03/2016;24/03/2016;Motociclista
Masculino;70;10:20;28/03/2016;28/03/2016;Peatón
Masculino;78;19:30;19/03/2016;28/03/2016;Peatón
Masculino;48;18:30;26/03/2016;30/03/2016;Motociclista
Femenino;20;.;31/03/2016;31/03/2016;Motociclista
Masculino;52;13:48;1/04/2016;3/04/2016;Motociclista
Masculino;39;18:20;24/03/2016;5/04/2016;Pasajero de Auto
Masculino;53;8:30;28/03/2016;6/04/2016;Pasajero de Auto
Masculino;18;20:00;19/03/2016;7/04/2016;Motociclista
Masculino;48;14:00;10/04/2016;10/04/2016;Ciclista
Masculino;15;6:30;10/04/2016;10/04/2016;Motociclista
Femenino;14;6:30;10/04/2016;10/04/2016;Parrillero
Femenino;74;11:00;14/04/2016;14/04/2016;Peatón
Masculino;19;22:30;17/04/2016;17/04/2016;Motociclista
Masculino;17;16:45;17/04/2016;18/04/2016;Ciclista
Masculino;32;4:00;20/04/2016;20/04/2016;Parrillero
Masculino;32;21:30;18/04/2016;21/04/2016;Motociclista
Masculino;43;9:12;14/04/2016;22/04/2016;Peatón
Masculino;55;.;27/04/2016;27/04/2016;Peatón
Masculino;63;21:00;28/04/2016;28/04/2016;Peatón
Masculino;27;6:00;29/04/2016;29/04/2016;Motociclista
Masculino;58;10:50;26/04/2016;2/05/2016;Ciclista
Femenino;33;18:30;29/04/2016;4/05/2016;Parrillero
Masculino;56;17:00;20/04/2016;4/05/2016;Motociclista
Masculino;78;8:30;10/02/2016;5/05/2016;Ciclista
Masculino;51;5:30;6/05/2016;6/05/2016;Motociclista
Masculino;25;23:00;6/05/2016;6/05/2016;Motociclista
Masculino;44;19:55;7/05/2016;7/05/2016;Peatón
Masculino;59;23:53;7/05/2016;7/05/2016;Peatón
Masculino;55;17:40;8/05/2016;8/05/2016;Conductor
Femenino;44;22:10;7/05/2016;9/05/2016;Peatón
Masculino;40;0:34;10/05/2016;10/05/2016;Peatón
Masculino;84;17:20;14/05/2016;14/05/2016;Peatón
Masculino;76;18:45;15/05/2016;15/05/2016;Peatón
Masculino;64;13:10;15/05/2016;15/05/2016;Ciclista
Masculino;35;14:45;16/04/2016;17/05/2016;Motociclista
Masculino;56;.;16/05/2016;18/05/2016;Peatón
Masculino;65;19:20;19/05/2016;19/05/2016;Conductor
Masculino;23;14:05;19/05/2016;19/05/2016;Motociclista
Femenino;36;7:20;20/05/2016;20/05/2016;Motociclista
Masculino;33;13:15;21/05/2016;21/05/2016;Motociclista
Masculino;65;.;21/05/2016;21/05/2016;Conductor
Masculino;49;.;21/05/2016;21/05/2016;Peatón
Masculino;55;1:20;23/05/2016;23/05/2016;Peatón
Masculino;30;13:46;23/05/2016;24/05/2016;Motociclista
Masculino;34;22:40;22/05/2016;24/05/2016;Peatón
Masculino;62;8:30;23/05/2016;25/05/2016;Ciclista
Femenino;73;20:40;21/05/2016;25/05/2016;Peatón
Masculino;16;.;26/05/2016;26/05/2016;Motociclista
Masculino;28;16:45;13/05/2016;26/05/2016;Peatón
Masculino;54;.;27/05/2016;27/05/2016;Peatón
Masculino;69;18:30;26/05/2016;27/05/2016;Peatón
Femenino;59;14:20;29/05/2016;29/05/2016;Peatón
Masculino;75;20:00;9/05/2016;29/05/2016;Peatón
Masculino;52;3:00;30/05/2016;30/05/2016;Peatón
Masculino;36;22:30;29/05/2016;30/05/2016;Peatón
Masculino;84;8:35;31/05/2016;31/05/2016;Peatón
Masculino;35;15:00;31/05/2016;31/05/2016;Peatón
Masculino;75;20:40;20/05/2016;31/05/2016;Ciclista
Masculino;77;20:00;18/05/2016;31/05/2016;Peatón
Masculino;83;18:05;14/05/2016;31/05/2016;Peatón
Masculino;47;18:30;1/06/2016;1/06/2016;Peatón
Masculino;80;16:45;5/05/2016;3/06/2016;Peatón
Masculino;28;4:35;5/06/2016;5/06/2016;Conductor
Masculino;49;2:55;6/06/2016;6/06/2016;Peatón
Masculino;38;22:20;6/06/2016;6/06/2016;Motociclista
Masculino;45;3:50;27/04/2016;6/06/2016;Conductor
Masculino;34;3:53;8/06/2016;8/06/2016;Conductor
Masculino;69;18:55;7/06/2016;9/06/2016;Peatón
Masculino;31;17:10;10/06/2016;10/06/2016;Motociclista
Masculino;49;17:00;10/06/2016;10/06/2016;Peatón
Masculino;21;18:00;7/06/2016;10/06/2016;Motociclista
Femenino;18;21:10;4/06/2016;10/06/2016;Motociclista
Masculino;83;.;18/06/2016;18/06/2016;Parrillero
Femenino;36;21:10;18/06/2016;19/06/2016;Peatón
Masculino;86;18:10;20/06/2017;21/06/2016;Peatón
Masculino;29;.;23/06/2016;23/06/2016;Ciclista
Masculino;40;18:50;25/06/2016;24/06/2016;Peatón
Masculino;56;1:15;25/06/2016;25/06/2016;Ciclista
Masculino;63;6:00;24/06/2016;25/06/2016;Ciclista
Masculino;58;17:00;25/06/2016;26/06/2016;Motociclista
Masculino;72;21:00;27/06/2016;27/06/2016;Peatón
Femenino;72;7:05;30/06/2016;4/07/2016;Peatón
Masculino;20;18:00;8/07/2016;8/07/2016;Ciclista
Masculino;51;16:30;8/07/2016;8/07/2016;Peatón
Masculino;89;17:00;28/06/2016;8/07/2016;Peatón
Masculino;26;1:00;9/07/2016;9/07/2016;Motociclista
Masculino;62;21:00;9/07/2016;12/07/2016;Peatón
Masculino;19;6:48;13/07/2016;13/07/2016;Motociclista
Masculino;58;19:40;14/07/2016;14/07/2016;Motociclista
Femenino;76;11:55;26/06/2016;14/07/2016;Peatón
Masculino;78;19:15;18/07/2016;18/07/2016;Peatón
Masculino;61;14:40;17/07/2016;18/07/2016;Conductor
Masculino;73;12:48;19/07/2016;19/07/2016;Peatón
Masculino;57;21:50;10/07/2016;19/07/2016;Peatón
Masculino;69;9:20;15/07/2016;20/07/2016;Ciclista
Masculino;16;10:10;21/07/2016;21/07/2016;Motociclista
Femenino;72;17:00;3/06/2016;21/07/2016;Peatón
Masculino;19;0:30;22/07/2016;22/07/2016;Motociclista
Masculino;28;10:40;23/07/2016;23/07/2016;Conductor
Masculino;25;.;23/07/2016;23/07/2016;Motociclista
Masculino;16;8:45;25/07/2016;25/07/2016;Motociclista
Masculino;19;.;25/07/2016;25/07/2016;Motociclista
Masculino;33;0:50;25/07/2016;26/07/2016;Motociclista
Femenino;23;16:50;27/07/2016;27/07/2016;Parrillero
Masculino;68;22:30;26/07/2016;27/07/2016;Peatón
Masculino;70;.;5/07/2016;27/07/2016;Peatón
Masculino;28;10:45;26/07/2016;30/07/2016;Motociclista
Masculino;23;3:00;20/07/2016;2/08/2016;Motociclista
Masculino;26;13:30;6/08/2016;6/08/2016;Conductor
Masculino;19;22:40;1/08/2016;6/08/2016;Peatón
Masculino;40;22:51;7/08/2016;7/08/2016;Motociclista
Masculino;31;18:25;7/08/2016;8/08/2016;Ciclista
Femenino;59;10:55;7/08/2016;8/08/2016;Peatón
Masculino;44;11:00;3/08/2016;9/08/2016;Motociclista
Masculino;31;15:00;10/08/2016;10/08/2016;Peatón
Masculino;78;18:40;9/08/2016;10/08/2016;Peatón
Masculino;41;23:03;30/07/2016;10/08/2016;Peatón
Masculino;25;.;10/08/2016;11/08/2016;Motociclista
Masculino;44;2:00;25/07/2016;11/08/2016;Motociclista
Masculino;39;12:05;12/08/2016;12/08/2016;Motociclista
Masculino;21;9:20;13/08/2016;13/08/2016;Motociclista
Femenino;20;22:05;14/08/2016;14/08/2016;Motociclista
Femenino;32;22:55;14/08/2016;15/08/2016;Pasajero de Auto
Masculino;53;13:30;11/08/2016;16/08/2016;Motociclista
Masculino;20;7:30;17/08/2016;17/08/2016;Motociclista
Masculino;27;8:03;17/08/2016;17/08/2016;Ciclista
Masculino;27;2:08;20/08/2016;20/08/2016;Motociclista
Masculino;18;4:30;21/08/2016;21/08/2016;Motociclista
Masculino;22;2:45;21/08/2016;21/08/2016;Motociclista
Masculino;28;5:30;24/08/2016;24/08/2016;Motociclista
Masculino;31;2:50;26/08/2016;26/08/2016;Motociclista
Masculino;63;17:00;17/08/2016;26/08/2016;Peatón
Masculino;12;.;27/08/2016;27/08/2016;Parrillero
Masculino;75;12:00;24/08/2016;27/08/2016;Peatón
Masculino;78;8:15;28/08/2016;28/08/2016;Peatón
Masculino;34;2:50;28/08/2016;28/08/2016;Motociclista
Masculino;56;16:30;29/08/2016;29/08/2016;Ciclista
Masculino;80;10:30;13/08/2016;1/09/2016;Peatón
Masculino;28;3:42;4/09/2016;4/09/2016;Motociclista
Masculino;18;17:30;5/09/2016;5/09/2016;Conductor
Masculino;46;14:50;6/09/2016;6/09/2016;Motociclista
Masculino;19;13:00;8/09/2016;9/09/2016;Motociclista
Masculino;38;22:20;10/09/2016;11/09/2016;Motociclista
Masculino;68;8:00;12/09/2016;12/09/2016;Ciclista
Masculino;35;4:15;3/09/2016;12/09/2016;Motociclista
Femenino;20;13:00;13/09/2016;13/09/2016;Parrillero
Masculino;29;2:45;12/09/2016;13/09/2016;Motociclista
Masculino;52;21:50;14/09/2016;14/09/2016;Parrillero
Masculino;26;2:33;15/09/2016;15/09/2016;Pasajero de Auto
Femenino;78;14:50;15/09/2016;15/09/2016;Peatón
Masculino;84;12:50;14/08/2016;15/09/2016;Peatón
Femenino;28;19:30;17/09/2016;17/09/2016;Parrillero
Femenino;35;14:00;19/09/2016;19/09/2016;Motociclista
Femenino;82;19:30;20/09/2016;20/09/2016;Peatón
Masculino;26;13:00;24/09/2016;24/09/2016;Motociclista
Masculino;24;17:40;25/09/2016;25/09/2016;Motociclista
Masculino;62;8:54;25/09/2016;25/09/2016;Motociclista
Masculino;34;15:00;4/09/2016;25/09/2016;Motociclista
Femenino;33;21:10;26/09/2016;27/09/2016;Parrillero
Masculino;27;21:30;28/09/2016;29/09/2016;Motociclista
Femenino;58;9:40;30/01/2016;30/09/2016;Peatón
Masculino;72;10:37;23/08/2016;3/10/2016;Peatón
Masculino;34;1:00;8/10/2016;8/10/2016;Motociclista
Masculino;47;3:55;30/05/2016;8/10/2016;Motociclista
Masculino;26;23:20;9/10/2016;9/10/2016;Motociclista
Masculino;58;.;9/10/2016;10/10/2016;Peatón
Masculino;21;.;11/10/2016;11/10/2016;Motociclista
Masculino;57;.;6/10/2016;11/10/2016;Peatón
Masculino;23;5:40;15/10/2016;15/10/2016;Motociclista
Femenino;25;5:40;15/10/2016;15/10/2016;Parrillero
Masculino;59;9:15;15/10/2016;15/10/2016;Peatón
Masculino;24;20:30;14/10/2016;15/10/2016;Motociclista
Masculino;17;20:30;14/10/2016;16/10/2016;Motociclista
Masculino;21;13:00;18/10/2016;18/10/2016;Motociclista
Masculino;21;6:00;18/10/2016;18/10/2016;Ciclista
Femenino;71;18:05;18/10/2016;18/10/2016;Peatón
Masculino;82;19:00;15/10/2016;18/10/2016;Peatón
Masculino;28;23:20;21/10/2016;21/10/2016;Motociclista
Masculino;35;19:40;17/09/2016;21/10/2016;Peatón
Masculino;59;20:35;21/10/2016;22/10/2016;Peatón
Masculino;72;9:40;25/10/2016;25/10/2016;Ciclista
Masculino;46;22:25;25/10/2016;25/10/2016;Peatón
Masculino;45;14:00;26/10/2016;26/10/2016;Motociclista
Femenino;17;15:25;20/10/2016;26/10/2016;Peatón
Femenino;28;20:20;21/10/2016;29/10/2016;Parrillero
Femenino;74;19:40;17/10/2016;29/10/2016;Peatón
Masculino;21;22:45;30/10/2016;31/10/2016;Motociclista
Masculino;21;23:31;30/10/2016;31/10/2016;Motociclista
Masculino;.;2:10;5/11/2016;5/11/2016;Peatón
Masculino;20;10:40;5/11/2016;5/11/2016;Motociclista
Masculino;30;6:05;5/11/2016;5/11/2016;Motociclista
Masculino;54;3:50;4/12/2016;6/11/2016;Motociclista
Masculino;14;23:50;6/11/2016;6/11/2016;Conductor
Masculino;58;6:30;8/11/2016;8/11/2016;Motociclista
Masculino;42;14:00;9/11/2016;9/11/2016;Peatón
Masculino;22;23:15;13/11/2016;13/11/2016;Motociclista
Femenino;66;14:55;28/11/2016;16/11/2016;Peatón
Masculino;57;7:00;17/11/2016;17/11/2016;Motociclista
Femenino;67;6:50;17/11/2016;17/11/2016;Peatón
Femenino;20;22:55;19/11/2016;19/11/2016;Parrillero
Masculino;64;1:30;20/11/2016;20/11/2016;Peatón
Masculino;70;6:30;20/11/2016;21/11/2016;Peatón
Masculino;22;17:30;22/11/2016;22/11/2016;Conductor
Masculino;.;17:30;22/11/2016;22/11/2016;Motociclista
Femenino;.;17:30;22/11/2016;22/11/2016;Parrillero
Masculino;79;11:10;23/11/2016;23/11/2016;Peatón
Masculino;21;23:15;13/11/2016;24/11/2016;Parrillero
Masculino;71;6:00;25/11/2016;25/11/2016;Ciclista
Masculino;76;14:30;25/11/2016;25/11/2016;Pasajero de Auto
Femenino;67;17:30;11/11/2016;25/11/2016;Peatón
Masculino;18;17:45;28/11/2016;26/11/2016;Motociclista
Masculino;21;23:40;27/11/2016;27/11/2016;Conductor
Masculino;65;16:26;27/11/2016;27/11/2016;Peatón
Masculino;15;21:30;21/11/2016;27/11/2016;Parrillero
Masculino;25;7:30;28/11/2016;28/11/2016;Ciclista
Masculino;86;13:30;26/11/2016;1/12/2016;Peatón
Masculino;80;9:15;23/11/2016;1/12/2016;Ciclista
Femenino;50;6:30;2/12/2016;2/12/2016;Motociclista
Masculino;54;19:49;26/11/2016;3/12/2016;Peatón
Masculino;61;19:25;21/11/2016;3/12/2016;Motociclista
Masculino;55;4:10;4/12/2016;4/12/2016;Conductor
Masculino;66;22:15;4/12/2016;7/12/2016;Peatón
Masculino;72;13:10;12/11/2016;7/12/2016;Peatón
Masculino;62;10:10;12/12/2016;12/12/2016;Peatón
Femenino;69;14:20;14/10/2016;13/12/2016;Peatón
Masculino;53;1:38;12/12/2016;14/12/2016;Motociclista
Masculino;44;19:00;16/12/2016;16/12/2016;Motociclista
Masculino;55;7:20;16/12/2016;16/12/2016;Motociclista
Masculino;29;5:00;17/12/2016;17/12/2016;Parrillero
Masculino;70;13:00;17/12/2016;17/12/2016;Ciclista
Masculino;34;19:55;17/12/2016;17/12/2016;Motociclista
Femenino;35;23:20;17/12/2016;18/12/2016;Jinete
Masculino;46;6:10;19/12/2016;19/12/2016;Peatón
Masculino;.;11:50;21/12/2016;21/12/2016;Peatón
Masculino;21;20:40;22/12/2016;22/12/2016;Motociclista
Masculino;28;19:20;18/12/2016;22/12/2016;Conductor
Masculino;25;13:30;23/12/2016;23/12/2016;Motociclista
Masculino;22;5:20;23/12/2016;23/12/2016;Motociclista
Masculino;21;.;23/12/2016;23/12/2016;Motociclista
Masculino;56;23:26;26/12/2016;26/12/2016;Motociclista
Masculino;77;6:10;16/11/2016;26/12/2016;Peatón
Masculino;59;18:52;24/12/2016;27/12/2016;Peatón
Masculino;22;1:45;1/01/2017;1/01/2017;Motociclista
Femenino;65;.;31/12/2016;1/01/2017;Peatón
Masculino;27;6:20;2/01/2017;2/01/2017;Motociclista
Masculino;28;11:58;1/01/2017;2/01/2017;Motociclista
Masculino;48;0:20;18/12/2016;3/01/2017;Peatón
Femenino;73;15:40;6/01/2017;6/01/2017;Peatón
Masculino;77;20:20;25/12/2016;6/01/2017;Peatón
Masculino;23;3:30;8/01/2017;9/01/2017;Sin dato
Femenino;45;7:40;11/01/2017;11/01/2017;Peatón
Masculino;70;19:30;7/01/2017;11/01/2017;Peatón
Masculino;50;4:30;3/12/2016;13/01/2017;Peatón
Masculino;45;4:20;14/01/2017;14/01/2017;Motociclista
Masculino;66;21:30;5/01/2017;15/01/2017;Peatón
Masculino;30;11:40;18/01/2017;18/01/2017;Motociclista
Masculino;46;.;14/01/2017;18/01/2017;Motociclista
Femenino;78;11:40;20/01/2017;20/01/2017;Peatón
Masculino;.;5:05;22/01/2017;22/01/2017;Peatón
Masculino;13;3:00;22/01/2017;22/01/2017;Peatón
Masculino;66;19:55;23/01/2017;23/01/2017;Peatón
Masculino;26;23:22;24/01/2017;24/01/2017;Motociclista
Femenino;72;8:50;25/01/2017;25/01/2017;Peatón
Femenino;59;17:30;15/01/2017;28/01/2017;Pasajero de Auto
Masculino;61;10:00;29/01/2017;31/01/2017;Motociclista
Masculino;52;5:40;23/01/2017;2/02/2017;Peatón
Masculino;.;9:00;3/02/2017;3/02/2017;Peatón
Masculino;40;6:00;3/02/2017;3/02/2017;Motociclista
Masculino;22;20:00;24/01/2017;4/02/2017;Motociclista
Masculino;54;14:00;5/02/2017;5/02/2017;Motociclista
Masculino;57;17:50;6/02/2017;6/02/2017;Motociclista
Masculino;69;14:20;6/02/2017;6/02/2017;Peatón
Masculino;25;3:30;5/02/2017;7/02/2017;Motociclista
Femenino;56;.;8/02/2017;8/02/2017;Sin dato
Masculino;61;7:30;7/02/2017;8/02/2017;Ciclista
Masculino;67;7:40;15/01/2017;8/02/2017;Peatón
Masculino;50;11:05;10/02/2017;10/02/2017;Motociclista
Masculino;18;10:15;10/02/2017;10/02/2017;Motociclista
Masculino;87;13:20;2/02/2017;10/02/2017;Conductor
Masculino;13;19:45;10/02/2017;11/02/2017;Ciclista
Masculino;77;18:30;12/02/2017;12/02/2017;Peatón
Masculino;30;19:10;19/02/2017;19/02/2017;Motociclista
Masculino;42;23:00;12/02/2017;22/02/2017;Motociclista
Masculino;24;21:10;23/02/2017;23/02/2017;Motociclista
Masculino;60;18:00;15/02/2017;23/02/2017;Motociclista
Masculino;17;21:50;24/02/2017;24/02/2017;Motociclista
Femenino;72;21:10;24/02/2017;24/02/2017;Peatón
Femenino;19;21:00;24/01/2017;27/02/2017;Parrillero
Masculino;59;22:00;27/02/2017;28/02/2017;Ciclista
Masculino;53;8:10;27/02/2017;28/02/2017;Peatón
Masculino;78;8:05;21/02/2017;1/03/2017;Peatón
Masculino;71;9:25;28/02/2017;2/03/2017;Peatón
Masculino;25;.;26/02/2017;2/03/2017;Peatón
Femenino;30;23:55;4/03/2017;4/03/2017;Pasajero de Auto
Masculino;51;21:50;5/03/2017;5/03/2017;Peatón
Masculino;13;23:55;4/03/2017;5/03/2017;Pasajero de Auto
Masculino;20;0:05;6/03/2017;6/03/2017;Motociclista
Masculino;27;11:15;6/03/2017;6/03/2017;Motociclista
Masculino;78;16:00;6/03/2017;6/03/2017;Peatón
Masculino;42;21:45;7/03/2017;7/03/2017;Motociclista
Femenino;37;14:38;8/03/2017;8/03/2017;Motociclista
Femenino;64;6:55;8/03/2017;8/03/2017;Peatón
Masculino;11;14:38;8/03/2017;9/03/2017;Parrillero
Masculino;71;0:05;2/01/2017;9/03/2017;Motociclista
Masculino;43;21:30;9/03/2017;10/03/2017;Motociclista
Femenino;61;0:30;11/03/2017;11/03/2017;Peatón
Masculino;41;21:30;26/02/2017;11/03/2017;Sin dato
Masculino;16;23:24;12/03/2017;12/03/2017;Motociclista
Masculino;68;17:10;13/03/2017;13/03/2017;Motociclista
Masculino;38;22:50;13/03/2017;13/03/2017;Motociclista
Femenino;20;23:24;12/03/2017;13/03/2017;Parrillero
Masculino;56;10:25;14/03/2017;14/03/2017;Ciclista
Masculino;23;14:15;13/03/2017;14/03/2017;Motociclista
Femenino;76;19:40;12/03/2017;14/03/2017;Peatón
Masculino;45;3:45;5/03/2017;15/03/2017;Motociclista
Masculino;.;23:30;17/03/2017;17/03/2017;Motociclista
Masculino;23;18:32;16/03/2017;17/03/2017;Motociclista
Masculino;18;23:30;17/02/2017;17/03/2017;Motociclista
Masculino;57;22:00;10/03/2017;19/03/2017;Ciclista
Masculino;57;18:30;18/03/2017;22/03/2017;Peatón
Femenino;78;16:30;16/03/2017;25/03/2017;Peatón
Masculino;22;23:35;25/03/2017;26/03/2017;Ciclista
Masculino;24;7:30;23/03/2017;26/03/2017;Peatón
Masculino;24;8:45;27/03/2017;27/03/2017;Motociclista
Masculino;48;2:40;19/03/2017;28/03/2017;Motociclista
Masculino;.;23:40;31/03/2017;1/04/2017;Peatón
Masculino;72;8:15;4/04/2017;4/04/2017;Peatón
Masculino;38;9:24;4/04/2017;5/04/2017;Motociclista
Masculino;20;1:30;2/04/2017;6/04/2017;Motociclista
Masculino;19;16:00;25/03/2017;7/04/2017;Motociclista
Masculino;48;19:00;8/04/2018;8/04/2017;Motociclista
Femenino;27;10:10;9/04/2017;9/04/2017;Motociclista
Masculino;47;10:45;11/04/2017;11/04/2017;Motociclista
Femenino;52;19:35;11/04/2017;11/04/2017;Peatón
Masculino;38;9:30;22/04/2017;22/04/2017;Peatón
Masculino;35;22:10;21/04/2017;22/04/2017;Motociclista
Masculino;80;19:50;7/12/2016;23/04/2017;Peatón
Masculino;73;12:47;24/04/2017;24/04/2017;Motociclista
Masculino;22;20:50;23/04/2017;24/04/2017;Motociclista
Masculino;53;20:15;23/04/2017;24/04/2017;Ciclista
Masculino;68;8:11;30/04/2017;30/04/2017;Peatón
Masculino;24;6:30;1/05/2017;1/05/2017;Motociclista
Masculino;38;15:10;2/05/2017;2/05/2017;Motociclista
Masculino;69;19:00;10/04/2017;5/05/2017;Peatón
Masculino;65;16:00;5/05/2017;6/05/2017;Ciclista
Masculino;40;17:00;6/04/2017;6/05/2017;Ciclista
Masculino;29;7:30;8/05/2017;8/05/2017;Motociclista
Femenino;56;18:30;8/05/2017;8/05/2017;Peatón
Masculino;30;3:00;9/05/2017;9/05/2017;Motociclista
Masculino;16;17:20;5/05/2017;10/05/2017;Motociclista
Masculino;82;17:30;10/05/2017;11/05/2017;Peatón
Masculino;70;9:55;8/05/2017;13/05/2017;Peatón
Masculino;35;7:15;4/05/2017;13/05/2017;Motociclista
Femenino;17;1:40;14/05/2017;14/05/2017;Peatón
Femenino;19;22:50;13/05/2017;14/05/2017;Motociclista
Femenino;39;19:00;9/05/2017;14/05/2017;Motociclista
Masculino;58;17:20;15/05/2017;15/05/2017;Motociclista
Masculino;36;18:50;30/03/2017;15/05/2017;Peatón
Masculino;73;18:10;18/05/2017;18/05/2017;Peatón
Masculino;60;17:30;19/05/2017;19/05/2017;Peatón
Masculino;81;18:50;20/05/2017;20/05/2017;Peatón
Femenino;68;11:00;10/05/2017;21/05/2017;Peatón
Masculino;82;12:20;21/02/2017;21/05/2017;Peatón
Masculino;45;20:40;10/05/2017;22/05/2017;Peatón
Masculino;48;7:00;23/05/2017;23/05/2017;Motociclista
Masculino;18;21:00;20/05/2017;23/05/2017;Motociclista
Masculino;83;14:00;23/05/2017;24/05/2017;Peatón
Masculino;45;0:50;25/05/2017;25/05/2017;Peatón
Masculino;54;16:40;19/05/2017;25/05/2017;Ciclista
Masculino;81;20:40;19/05/2017;26/05/2017;Peatón
Masculino;84;12:15;27/05/2017;27/05/2017;Ciclista
Masculino;52;.;27/05/2017;27/05/2017;Peatón
Masculino;58;9:05;27/05/2017;27/05/2017;Ciclista
Masculino;75;11:30;30/05/2017;29/05/2017;Peatón
Femenino;49;20:30;27/05/2017;29/05/2017;Parrillero
Masculino;62;19:30;30/05/2017;30/05/2017;Peatón
Femenino;52;7:18;29/05/2017;31/05/2017;Peatón
Masculino;27;6:40;1/06/2017;1/06/2017;Motociclista
Masculino;24;6:40;1/06/2017;1/06/2017;Parrillero
Masculino;24;3:20;3/06/2017;3/06/2017;Motociclista
Masculino;26;14:30;24/05/2017;3/06/2017;Motociclista
Femenino;36;20:00;3/06/2017;4/06/2017;Peatón
Masculino;.;18:35;6/06/2017;6/06/2017;Peatón
Femenino;52;12:00;9/06/2017;9/06/2017;Peatón
Masculino;77;18:00;4/06/2017;10/06/2017;Peatón
Masculino;.;0:10;4/06/2017;11/06/2017;Motociclista
Femenino;69;12:20;5/06/2017;12/06/2017;Peatón
Masculino;25;23:00;16/04/2017;12/06/2017;Motociclista
Masculino;26;19:10;13/06/2017;16/06/2017;Motociclista
Masculino;82;18:00;6/06/2017;17/06/2017;Parrillero
Masculino;49;0:50;23/01/2017;18/06/2017;Motociclista
Masculino;3;14:50;20/06/2017;20/06/2017;Pasajero de Auto
Masculino;29;1:00;24/06/2017;24/06/2017;Peatón
Masculino;71;14:30;26/06/2017;26/06/2017;Peatón
Masculino;59;22:40;30/06/2017;30/06/2017;Peatón
Masculino;16;0:16;3/07/2017;3/07/2017;Ciclista
Masculino;49;20:10;4/07/2017;4/07/2017;Motociclista
Masculino;72;20:00;6/07/2017;5/07/2017;Peatón
Femenino;49;9:30;6/07/2017;7/07/2017;Peatón
Masculino;79;14:30;24/06/2017;7/07/2017;Ciclista
Masculino;29;0:10;9/07/2017;9/07/2017;Motociclista
Masculino;84;20:10;10/07/2017;10/07/2017;Peatón
Masculino;48;10:24;12/07/2017;12/07/2017;Peatón
Masculino;62;18:00;5/07/2017;12/07/2017;Ciclista
Femenino;81;14:00;13/07/2017;13/07/2017;Peatón
Femenino;43;14:30;15/07/2017;15/07/2017;Parrillero
Masculino;24;23:30;14/07/2017;15/07/2017;Motociclista
Masculino;66;16:45;13/07/2017;15/07/2017;Peatón
Masculino;59;21:45;3/07/2017;15/07/2017;Peatón
Masculino;44;4:40;16/07/2017;16/07/2017;Motociclista
Masculino;25;23:30;19/07/2017;19/07/2017;Parrillero
Masculino;23;4:15;20/07/2017;20/07/2017;Motociclista
Masculino;23;4:00;20/07/2017;20/07/2017;Motociclista
Masculino;56;1:45;10/07/2017;21/07/2017;Motociclista
Masculino;57;22:00;22/07/2017;22/07/2017;Ciclista
Masculino;70;18:10;23/07/2017;23/07/2017;Peatón
Masculino;59;8:30;10/06/2017;24/07/2017;Motociclista
Masculino;21;4:30;20/07/2017;26/07/2017;Motociclista
Masculino;53;13:48;27/07/2017;27/07/2017;Motociclista
Masculino;60;17:25;22/07/2017;27/07/2017;Ciclista
Masculino;20;21:00;20/07/2017;27/07/2017;Motociclista
Masculino;53;22:52;28/07/2017;28/07/2017;Peatón
Masculino;28;20:15;27/07/2017;28/07/2017;Motociclista
Masculino;69;14:20;1/08/2017;2/08/2017;Ciclista
Masculino;46;13:20;4/08/2017;4/08/2017;Motociclista
Masculino;23;19:30;5/08/2017;5/08/2017;Motociclista
Masculino;34;19:30;5/08/2017;5/08/2017;Motociclista
Femenino;16;19:30;5/08/2017;5/08/2017;Parrillero
Masculino;78;17:45;3/08/2017;5/08/2017;Peatón
Masculino;79;12:50;7/08/2017;6/08/2017;Peatón
Masculino;78;9:30;2/08/2017;6/08/2017;Peatón
Masculino;38;9:50;12/08/2017;12/08/2017;Motociclista
Masculino;65;8:20;14/08/2017;14/08/2017;Ciclista
Masculino;20;3:30;15/08/2017;15/08/2017;Motociclista
Masculino;59;19:00;14/08/2017;16/08/2017;Conductor
Masculino;34;7:20;12/08/2017;18/08/2017;Motociclista
Masculino;72;19:00;23/07/2017;20/08/2017;Peatón
Masculino;49;3:00;21/08/2017;21/08/2017;Motociclista
Femenino;17;16:10;22/08/2017;22/08/2017;Parrillero
Masculino;15;17:40;25/08/2017;25/08/2017;Ciclista
Masculino;52;15:10;9/08/2017;25/08/2017;Ciclista
Masculino;24;16:10;28/08/2017;28/08/2017;Motociclista
Masculino;.;17:30;28/08/2017;29/08/2017;Peatón
Masculino;66;10:00;19/08/2017;30/08/2017;Peatón
Masculino;60;16:15;31/08/2017;31/08/2017;Motociclista
Masculino;58;11:40;26/08/2017;31/08/2017;Peatón
Masculino;65;18:50;30/06/2017;4/09/2017;Peatón
Masculino;19;17:40;5/09/2017;5/09/2017;Motociclista
Masculino;56;6:50;6/09/2017;6/09/2017;Motociclista
Femenino;20;17:40;5/09/2017;6/09/2017;Parrillero
Masculino;18;21:50;5/09/2017;6/09/2017;Motociclista
Masculino;71;19:52;30/08/2017;6/09/2017;Peatón
Masculino;24;14:30;7/09/2017;7/09/2017;Motociclista
Masculino;19;20:00;7/09/2017;7/09/2017;Ciclista
Femenino;36;14:30;7/09/2017;7/09/2017;Parrillero
Femenino;71;17:50;8/09/2017;8/09/2017;Peatón
Masculino;23;0:05;8/09/2017;8/09/2017;Motociclista
Masculino;.;17:30;22/08/2017;8/09/2017;Conductor
Femenino;33;8:25;11/09/2017;11/09/2017;Parrillero
Masculino;25;17:00;12/08/2017;12/09/2017;Motociclista
Masculino;61;1:45;15/09/2017;15/09/2017;Motociclista
Masculino;35;0:55;17/09/2017;17/09/2017;Peatón
Masculino;.;22:24;17/09/2017;17/09/2017;Sin dato
Femenino;79;11:30;27/08/2017;21/09/2017;Peatón
Femenino;54;19:30;22/09/2017;23/09/2017;Peatón
Femenino;22;1:40;24/09/2017;24/09/2017;Pasajero de Auto
Masculino;28;8:30;25/09/2017;25/09/2017;Motociclista
Masculino;60;13:00;17/09/2017;25/09/2017;Peatón
Femenino;68;9:20;26/09/2017;26/09/2017;Peatón
Masculino;58;9:55;26/09/2017;26/09/2017;Peatón
Masculino;35;2:30;18/09/2017;28/09/2017;Motociclista
Femenino;20;11:50;26/09/2017;29/09/2017;Motociclista
Masculino;21;21:20;1/10/2017;1/10/2017;Sin dato
Masculino;19;1:50;26/08/2017;2/10/2017;Motociclista
Masculino;76;8:15;31/08/2017;3/10/2017;Ciclista
Femenino;68;.;2/10/2017;4/10/2017;Peatón
Femenino;34;12:40;11/10/2017;10/10/2017;Motociclista
Masculino;.;1:45;11/10/2017;11/10/2017;Motociclista
Femenino;77;9:10;6/10/2017;11/10/2017;Peatón
Masculino;20;17:00;12/10/2017;12/10/2017;Ciclista
Masculino;40;1:45;13/10/2017;13/10/2017;Motociclista
Masculino;71;.;12/10/2017;13/10/2017;Motociclista
Masculino;44;11:30;11/10/2017;13/10/2017;Motociclista
Masculino;69;10:30;6/10/2017;14/10/2017;Ciclista
Masculino;67;10:38;15/10/2017;15/10/2017;Peatón
Femenino;48;15:49;15/10/2017;15/10/2017;Peatón
Masculino;54;.;14/10/2017;15/10/2017;Peatón
Masculino;76;18:40;14/10/2017;16/10/2017;Peatón
Masculino;59;23:30;27/05/2017;16/10/2017;Peatón
Masculino;79;16:30;15/09/2017;17/10/2017;Peatón
Masculino;41;21:58;10/10/2017;18/10/2017;Pasajero de Auto
Masculino;79;9:25;9/10/2017;19/10/2017;Peatón
Femenino;21;1:50;20/10/2017;20/10/2017;Motociclista
Masculino;86;18:10;19/10/2017;20/10/2017;Peatón
Masculino;88;17:10;9/10/2017;21/10/2017;Peatón
Masculino;88;11:00;11/10/2017;22/10/2017;Peatón
Femenino;90;10:50;23/10/2017;23/10/2017;Peatón
Masculino;25;22:15;22/10/2017;23/10/2017;Motociclista
Masculino;24;4:30;14/10/2017;23/10/2017;Sin dato
Masculino;20;15:24;26/10/2017;26/10/2017;Peatón
Masculino;32;22:00;26/10/2017;26/10/2017;Motociclista
Masculino;24;20:40;30/10/2017;30/10/2017;Motociclista
Masculino;61;.;29/10/2017;30/10/2017;Peatón
Masculino;72;19:17;31/10/2017;31/10/2017;Peatón
Femenino;.;.;23/06/2017;31/10/2017;Motociclista
Femenino;77;7:50;1/11/2017;2/11/2017;Pasajero de Auto
Masculino;73;18:19;1/11/2017;3/11/2017;Peatón
Masculino;54;4:00;4/11/2017;4/11/2017;Motociclista
Masculino;24;2:00;4/11/2017;4/11/2017;Motociclista
Masculino;24;10:00;5/11/2017;5/11/2017;Ciclista
Masculino;88;9:00;7/06/2016;5/11/2017;Peatón
Masculino;21;4:30;6/11/2017;6/11/2017;Motociclista
Masculino;49;3:15;6/11/2017;6/11/2017;Motociclista
Masculino;21;3:25;10/11/2018;10/11/2017;Motociclista
Masculino;27;11:35;11/11/2017;11/11/2017;Motociclista
Masculino;26;22:50;12/11/2017;12/11/2017;Peatón
Masculino;82;11:30;12/11/2017;12/11/2017;Parrillero
Masculino;24;2:15;13/11/2017;13/11/2017;Motociclista
Masculino;.;1:30;16/11/2017;16/11/2017;Peatón
Masculino;42;5:05;17/12/2017;17/11/2017;Motociclista
Masculino;61;1:00;12/11/2017;17/11/2017;Parrillero
Masculino;70;14:10;19/11/2017;19/11/2017;Peatón
Masculino;20;2:45;19/11/2017;19/11/2017;Motociclista
Masculino;91;15:30;16/11/2017;20/11/2017;Peatón
Femenino;83;10:00;26/09/2017;21/11/2017;Peatón
Masculino;79;5:20;21/11/2017;23/11/2017;Peatón
Masculino;38;21:15;25/11/2017;25/11/2017;Motociclista
Masculino;73;10:10;22/02/2017;26/11/2017;Peatón
Masculino;42;13:00;27/11/2017;27/11/2017;Peatón
Masculino;55;18:30;17/03/2017;27/11/2017;Ciclista
Masculino;53;0:30;28/11/2017;28/11/2017;Peatón
Masculino;59;11:48;29/11/2017;29/11/2017;Peatón
Masculino;25;13:07;29/11/2017;29/11/2017;Motociclista
Femenino;42;7:05;1/12/2017;1/12/2017;Motociclista
Masculino;22;18:30;17/10/2017;2/12/2017;Motociclista
Femenino;23;.;27/11/2017;3/12/2017;Ciclista
Masculino;65;.;2/12/2017;4/12/2017;Peatón
Masculino;75;13:30;5/12/2017;5/12/2017;Ciclista
Masculino;34;.;6/12/2017;6/12/2017;Sin dato
Masculino;40;15:30;6/12/2017;6/12/2017;Motociclista
Masculino;59;3:40;25/11/2017;6/12/2017;Peatón
Femenino;64;.;6/12/2017;7/12/2017;Parrillero
Masculino;42;1:10;8/12/2017;8/12/2017;Motociclista
Masculino;34;21:30;7/12/2017;8/12/2017;Motociclista
Masculino;25;22:40;7/12/2017;8/12/2017;Peatón
Masculino;27;21:01;11/12/2017;11/12/2017;Motociclista
Femenino;64;20:20;11/11/2017;12/12/2017;Peatón
Masculino;81;8:25;16/08/2017;12/12/2017;Peatón
Masculino;28;11:00;15/12/2017;15/12/2017;Motociclista
Masculino;20;23:45;17/12/2017;17/12/2017;Motociclista
Femenino;31;1:10;8/12/2017;18/12/2017;Motociclista
Masculino;65;18:50;19/12/2017;19/12/2017;Peatón
Masculino;62;7:55;19/12/2017;21/12/2017;Ciclista
Masculino;42;3:20;24/12/2017;24/12/2017;Motociclista
Masculino;63;1:13;24/12/2017;24/12/2017;Motociclista
Femenino;70;21:50;2/12/2017;24/12/2017;Peatón
Masculino;53;.;25/12/2017;25/12/2017;Pasajero de Auto
Masculino;78;.;27/12/2017;27/12/2017;Peatón
Masculino;59;.;26/12/2017;27/12/2017;Peatón
Masculino;77;.;23/12/2017;27/12/2017;Peatón
Masculino;78;17:40;30/12/2017;30/12/2017;Motociclista
Masculino;31;4:15;1/01/2018;1/01/2018;Ciclista
Masculino;27;4:54;1/01/2018;1/01/2018;Motociclista
Femenino;38;22:01;1/01/2018;1/01/2018;Motociclista
Masculino;76;22:14;30/12/2017;4/01/2018;Peatón
Masculino;68;13:00;5/02/2018;5/01/2018;Peatón
Masculino;41;0:20;30/12/2017;5/01/2018;Motociclista
Masculino;50;23:32;6/01/2018;6/01/2018;Motociclista
Masculino;68;5:45;23/11/2017;6/01/2018;Peatón
Femenino;26;15:30;7/01/2018;7/01/2018;Peatón
Masculino;30;23:50;12/12/2017;8/01/2018;Motociclista
Masculino;82;16:40;9/01/2018;9/01/2018;Peatón
Masculino;62;10:30;2/01/2018;10/01/2018;Peatón
Masculino;80;18:20;10/01/2018;11/01/2018;Peatón
Masculino;27;1:30;12/01/2018;12/01/2018;Motociclista
Masculino;17;1:00;8/01/2018;12/01/2018;Motociclista
Masculino;35;2:27;13/01/2018;13/01/2018;Peatón
Masculino;79;7:15;4/12/2017;14/01/2018;Peatón
Masculino;26;14:45;15/01/2018;15/01/2018;Motociclista
Masculino;52;15:25;16/01/2018;16/01/2018;Conductor
Femenino;72;7:45;12/01/2018;16/01/2018;Peatón
Masculino;82;10:15;8/01/2018;17/01/2018;Peatón
Femenino;55;21:40;16/01/2018;18/01/2018;Peatón
Masculino;78;12:02;16/01/2018;18/01/2018;Peatón
Masculino;56;10:50;20/01/2018;20/01/2018;Peatón
Masculino;42;7:00;1/01/2018;20/01/2018;Ciclista
Masculino;77;4:30;16/12/2017;20/01/2018;Ciclista
Masculino;82;18:25;21/01/2018;21/01/2018;Ciclista
Masculino;21;23:40;21/01/2018;22/01/2018;Motociclista
Masculino;81;.;25/01/2018;25/01/2018;Peatón
Masculino;86;19:20;24/01/2018;25/01/2018;Peatón
Masculino;81;.;7/12/2017;25/01/2018;Peatón
Masculino;64;.;25/01/2018;26/01/2018;Peatón
Femenino;71;17:00;27/01/2018;27/01/2018;Peatón
Masculino;39;12:50;27/01/2018;27/01/2018;Ciclista
Femenino;49;20:50;26/01/2018;27/01/2018;Peatón
Masculino;82;.;15/01/2018;27/01/2018;Peatón
Femenino;77;12:50;13/01/2018;27/01/2018;Peatón
Masculino;83;19:30;14/01/2018;29/01/2018;Peatón
Femenino;45;5:40;30/01/2018;30/01/2018;Peatón
Femenino;38;13:05;30/01/2018;30/01/2018;Motociclista
Masculino;29;15:40;30/01/2018;1/02/2018;Motociclista
Masculino;39;23:00;27/01/2018;1/02/2018;Motociclista
Masculino;54;18:55;2/02/2018;2/02/2018;Peatón
Masculino;40;16:41;13/01/2018;2/02/2018;Peatón
Masculino;59;9:30;3/02/2018;3/02/2018;Ciclista
Masculino;83;15:50;24/01/2018;3/02/2018;Peatón
Masculino;37;23:00;4/02/2018;4/02/2018;Motociclista
Masculino;57;22:20;4/02/2018;4/02/2018;Motociclista
Femenino;78;18:00;6/02/2018;6/02/2018;Peatón
Femenino;89;16:00;21/01/2018;6/02/2018;Peatón
Masculino;27;6:30;7/02/2018;7/02/2018;Motociclista
Masculino;50;5:30;9/02/2018;9/02/2018;Ciclista
Masculino;68;20:00;10/02/2018;11/02/2018;Ciclista
Masculino;59;15:30;4/02/2018;12/02/2018;Motociclista
Femenino;51;8:00;13/02/2018;13/02/2018;Peatón
Femenino;50;14:02;13/02/2018;13/02/2018;Motociclista
Masculino;15;21:30;14/02/2018;14/02/2018;Ciclista
Masculino;36;.;9/02/2018;14/02/2018;Peatón
Masculino;21;.;6/02/2018;20/02/2018;Motociclista
Femenino;19;20:45;22/02/2018;22/02/2018;Peatón
Femenino;24;19:50;23/02/2018;23/02/2018;Motociclista
Femenino;32;.;23/02/2018;23/02/2018;Peatón
Masculino;37;22:45;23/02/2018;25/02/2018;Motociclista
Masculino;45;19:25;18/02/2018;25/02/2018;Peatón
Masculino;50;17:20;26/02/2018;26/02/2018;Peatón
Masculino;83;11:56;1/03/2018;1/03/2018;Peatón
Masculino;39;22:00;2/03/2018;2/03/2018;Motociclista
Masculino;27;19:50;23/02/2018;4/03/2018;Motociclista
Masculino;25;0:15;5/03/2018;5/03/2018;Ciclista
Masculino;61;12:45;3/03/2018;5/03/2018;Motociclista
Masculino;56;.;21/02/2018;5/03/2018;Ciclista
Masculino;82;12:50;6/03/2018;6/03/2018;Peatón
Masculino;22;5:10;8/03/2018;8/03/2018;Conductor
Femenino;73;10:15;6/03/2018;8/03/2018;Peatón
Femenino;56;10:30;5/03/2018;8/03/2018;Peatón
Masculino;22;.;10/03/2018;10/03/2018;Motociclista
Masculino;32;13:10;11/03/2018;11/03/2018;Motociclista
Masculino;65;21:05;14/03/2018;14/03/2018;Ciclista
Masculino;71;12:20;16/03/2018;16/03/2018;Motociclista
Masculino;62;7:45;18/03/2018;18/03/2018;Peatón
Masculino;73;18:00;21/03/2018;21/03/2018;Ciclista
Masculino;34;22:54;22/03/2018;22/03/2018;Motociclista
Masculino;59;10:50;22/03/2018;22/03/2018;Motociclista
Masculino;67;21:45;23/03/2018;23/03/2018;Peatón
Masculino;33;5:10;24/03/2018;24/03/2018;Ciclista
Masculino;71;5:30;15/03/2018;24/03/2018;Ciclista
Masculino;79;.;3/03/2018;24/03/2018;Motociclista
Masculino;77;6:40;25/03/2018;25/03/2018;Peatón
Masculino;30;8:06;27/03/2018;27/03/2018;Motociclista
Masculino;68;7:12;25/03/2018;27/03/2018;Peatón
Femenino;69;18:30;28/03/2018;28/03/2018;Peatón
Masculino;21;0:00;1/04/2018;1/04/2018;Motociclista
Femenino;79;16:30;1/04/2018;1/04/2018;Peatón
Masculino;80;18:20;31/03/2018;1/04/2018;Peatón
Femenino;62;13:15;2/04/2018;2/04/2018;Peatón
Masculino;41;5:35;4/04/2018;3/04/2018;Motociclista
Masculino;69;20:13;4/04/2018;4/04/2018;Peatón
Masculino;76;22:00;8/03/2018;6/04/2018;Parrillero
Masculino;29;1:50;8/04/2018;8/04/2018;Motociclista
Femenino;12;17:40;9/04/2018;9/04/2018;Parrillero
Masculino;59;1:30;12/04/2018;12/04/2018;Pasajero de Auto
Masculino;95;14:30;13/04/2018;13/04/2018;Peatón
Femenino;23;6:20;15/04/2018;15/04/2018;Parrillero
Masculino;65;5:00;16/04/2018;16/04/2018;Ciclista
Masculino;51;18:00;8/04/2018;16/04/2018;Peatón
Masculino;21;1:20;17/04/2018;17/04/2018;Motociclista
Femenino;55;10:00;16/04/2018;17/04/2018;Peatón
Masculino;56;2:15;19/04/2018;19/04/2018;Peatón
Masculino;23;2:50;19/04/2018;19/04/2018;Conductor
Masculino;71;19:15;19/04/2018;20/04/2018;Peatón
Masculino;70;21:55;24/03/2018;20/04/2018;Peatón
Masculino;41;.;19/04/2018;22/04/2018;Parrillero
Masculino;79;12:00;24/03/2018;22/04/2018;Pasajero de Auto
Masculino;68;9:26;23/04/2018;24/04/2018;Peatón
Masculino;40;.;14/04/2018;24/04/2018;Peatón
Masculino;63;.;26/04/2018;26/04/2018;Peatón
Masculino;80;18:30;27/04/2018;27/04/2018;Peatón
Femenino;61;19:30;26/04/2018;27/04/2018;Peatón
Masculino;63;9:30;8/04/2018;28/04/2018;Peatón
Masculino;60;6:45;29/04/2018;29/04/2018;Peatón
Masculino;45;23:22;29/04/2018;29/04/2018;Motociclista
Masculino;70;8:00;26/07/2018;3/05/2018;Peatón
Masculino;37;.;30/04/2018;4/05/2018;Peatón
Femenino;46;.;5/05/2018;5/05/2018;Motociclista
Masculino;51;22:30;4/05/2018;5/05/2018;Motociclista
Masculino;22;15:49;2/05/2018;6/05/2018;Motociclista
Femenino;25;.;2/05/2018;7/05/2018;Motociclista
Femenino;83;13:02;18/04/2018;7/05/2018;Peatón
Masculino;51;8:36;7/05/2018;8/05/2018;Peatón
Masculino;41;9:45;6/05/2018;8/05/2018;Motociclista
Masculino;81;8:23;11/05/2018;11/05/2018;Peatón
Masculino;75;10:00;10/05/2018;11/05/2018;Peatón
Masculino;79;15:00;18/04/2018;11/05/2018;Peatón
Masculino;69;20:40;13/05/2018;13/05/2018;Peatón
Masculino;71;.;17/05/2018;18/05/2018;Peatón
Masculino;54;15:50;5/05/2018;18/05/2018;Peatón
Masculino;22;5:30;19/05/2018;19/05/2018;Motociclista
Masculino;52;.;20/05/2018;22/05/2018;Motociclista
Masculino;48;20:30;12/05/2018;22/05/2018;Peatón
Masculino;41;13:15;25/05/2018;25/05/2018;Motociclista
Masculino;26;.;25/05/2018;25/05/2018;Motociclista
Masculino;40;20:20;26/05/2018;26/05/2018;Peatón
Masculino;52;6:30;26/05/2018;26/05/2018;Ciclista
Masculino;20;.;28/05/2018;28/05/2018;Motociclista
Masculino;17;22:30;30/05/2018;30/05/2018;Motociclista
Masculino;22;.;31/05/2018;31/05/2018;Motociclista
Masculino;40;.;28/05/2018;2/06/2018;Motociclista
Masculino;16;5:40;3/06/2018;3/06/2018;Parrillero
Femenino;17;22:30;30/05/2018;3/06/2018;Parrillero
Masculino;55;4:10;10/06/2018;4/06/2018;Motociclista
Femenino;30;2:47;4/06/2018;4/06/2018;Parrillero
Masculino;71;6:40;5/06/2018;5/06/2018;Peatón
Masculino;78;10:40;8/06/2018;8/06/2018;Motociclista
Masculino;85;11:30;31/05/2018;9/06/2018;Peatón
Masculino;24;3:35;31/05/2018;11/06/2018;Parrillero
Masculino;41;9:36;12/06/2018;13/06/2018;Motociclista
Femenino;37;7:15;6/06/2018;14/06/2018;Parrillero
Femenino;66;16:15;14/06/2018;15/06/2018;Peatón
Masculino;20;8:30;15/06/2018;16/06/2018;Motociclista
Masculino;70;.;6/06/2018;16/06/2018;Peatón
Masculino;24;22:10;6/06/2018;17/06/2018;Motociclista
Masculino;1;.;16/06/2018;19/06/2018;Parrillero
Masculino;57;16:55;20/06/2018;20/06/2018;Motociclista
Masculino;34;18:00;20/06/2018;20/06/2018;Motociclista
Femenino;23;21:55;22/06/2018;22/06/2018;Parrillero
Masculino;28;1:30;24/06/2018;24/06/2018;Motociclista
Masculino;45;11:20;24/06/2018;24/06/2018;Peatón
Masculino;21;19:40;25/06/2018;25/06/2018;Motociclista
Femenino;22;19:40;25/06/2018;25/06/2018;Parrillero
Masculino;68;.;22/06/2018;25/06/2018;Motociclista
Masculino;18;13:10;20/06/2018;27/06/2018;Motociclista
Masculino;60;7:50;28/06/2018;28/06/2018;Motociclista
Masculino;24;9:30;30/06/2018;30/06/2018;Motociclista
Masculino;31;12:00;23/06/2018;30/06/2018;Peatón
Masculino;70;.;2/07/2018;2/07/2018;Peatón
Masculino;74;20:40;3/07/2018;4/07/2018;Peatón
Masculino;57;.;19/06/2018;7/07/2018;Peatón
Femenino;30;5:09;8/07/2018;8/07/2018;Motociclista
Masculino;80;.;2/07/2018;9/07/2018;Peatón
Masculino;43;.;2/07/2018;9/07/2018;Peatón
Femenino;87;12:30;26/06/2018;10/07/2018;Peatón
Femenino;78;11:45;7/07/2018;11/07/2018;Peatón
Masculino;55;.;20/05/2018;12/07/2018;Peatón
Masculino;45;17:15;13/07/2018;13/07/2018;Motociclista
Masculino;60;.;13/07/2018;13/07/2018;Peatón
Masculino;16;20:30;7/07/2018;14/07/2018;Motociclista
Femenino;77;8:40;16/07/2018;17/07/2018;Peatón
Masculino;62;18:49;6/07/2018;17/07/2018;Peatón
Masculino;55;.;18/07/2018;18/07/2018;Peatón
Masculino;87;21:00;5/06/2018;19/07/2018;Peatón
Masculino;20;14:30;18/07/2018;21/07/2018;Motociclista
Femenino;68;12:10;22/07/2018;22/07/2018;Peatón
Femenino;71;23:00;21/07/2018;22/07/2018;Peatón
Masculino;68;14:25;20/07/2018;23/07/2018;Peatón
Femenino;23;20:30;17/07/2018;23/07/2018;Motociclista
Masculino;36;19:36;24/07/2018;24/07/2018;Peatón
Masculino;23;16:50;25/07/2018;25/07/2018;Peatón
Masculino;19;23:30;24/07/2018;25/07/2018;Motociclista
Masculino;26;15:30;20/07/2018;25/07/2018;Motociclista
Masculino;46;1:00;7/07/2018;27/07/2018;Motociclista
Masculino;76;21:30;21/07/2018;30/07/2018;Peatón
Masculino;56;14:15;27/07/2018;1/08/2018;Ciclista
Masculino;47;4:40;3/08/2018;3/08/2018;Motociclista
Masculino;81;19:00;4/08/2018;4/08/2018;Peatón
Masculino;69;10:30;4/08/2018;4/08/2018;Ciclista
Masculino;55;18:02;6/08/2018;6/08/2018;Motociclista
Masculino;87;7:30;6/08/2018;6/08/2018;Peatón
Masculino;50;.;7/08/2018;7/08/2018;Peatón
Masculino;50;4:50;5/08/2018;8/08/2018;Peatón
Masculino;56;2:30;9/08/2018;9/08/2018;Peatón
Masculino;78;16:50;26/07/2018;10/08/2018;Peatón
Masculino;32;11:50;30/07/2018;11/08/2018;Motociclista
Femenino;22;1:42;12/08/2018;12/08/2018;Parrillero
Masculino;24;1:42;12/08/2018;12/08/2018;Motociclista
Masculino;65;5:30;6/07/2018;12/08/2018;Ciclista
Masculino;64;13:00;5/09/2018;13/08/2018;Motociclista
Masculino;61;6:40;16/08/2018;16/08/2018;Motociclista
Masculino;42;18:18;18/08/2018;18/08/2018;Peatón
Masculino;23;5:40;19/08/2018;19/08/2018;Motociclista
Masculino;59;13:40;19/08/2018;19/08/2018;Pasajero de Auto
Masculino;26;19:00;19/08/2018;19/08/2018;Motociclista
Masculino;51;19:00;19/08/2018;19/08/2018;Motociclista
Masculino;21;13:44;20/08/2018;21/08/2018;Motociclista
Femenino;59;5:45;22/08/2018;22/08/2018;Peatón
Masculino;25;.;18/07/2018;23/08/2018;Motociclista
Masculino;55;.;24/08/2018;24/08/2018;Motociclista
Femenino;78;17:20;20/06/2018;26/08/2018;Peatón
Femenino;47;7:00;28/08/2018;28/08/2018;Parrillero
Masculino;26;10:10;28/08/2018;29/08/2018;Motociclista
Masculino;54;12:40;27/08/2018;29/08/2018;Peatón
Femenino;40;2:40;31/08/2018;31/08/2018;Peatón
Femenino;26;3:15;28/08/2018;31/08/2018;Motociclista
Masculino;47;4:20;1/09/2018;1/09/2018;Peatón
Masculino;71;22:47;1/09/2018;1/09/2018;Motociclista
Masculino;51;.;1/09/2018;1/09/2018;Peatón
Masculino;22;17:35;5/09/2018;5/09/2018;Motociclista
Femenino;71;18:30;5/09/2018;5/09/2018;Peatón
Masculino;81;7:30;4/09/2018;5/09/2018;Peatón
Femenino;46;16:00;6/09/2018;6/09/2018;Peatón
Masculino;20;7:55;9/09/2018;9/09/2018;Motociclista
Femenino;23;7:55;9/09/2018;9/09/2018;Parrillero
Masculino;39;.;11/09/2018;11/09/2018;Peatón
Femenino;40;.;12/09/2018;12/09/2018;Pasajero de Auto
Masculino;65;5:20;14/09/2018;14/09/2018;Peatón
Masculino;27;6:40;15/09/2018;15/09/2018;Motociclista
Masculino;42;.;16/09/2018;16/09/2018;Motociclista
Masculino;31;13:40;8/09/2018;18/09/2018;Ciclista
Masculino;61;11:45;19/09/2018;19/09/2018;Motociclista
Femenino;31;15:30;20/09/2018;20/09/2018;Motociclista
Masculino;24;0:11;17/09/2018;21/09/2018;Motociclista
Masculino;1;19:10;23/09/2018;24/09/2018;Peatón
Masculino;58;2:05;25/09/2018;25/09/2018;Ciclista
Masculino;77;5:00;13/09/2018;30/09/2018;Peatón
Femenino;24;.;1/10/2018;1/10/2018;Motociclista
Masculino;16;.;4/10/2018;5/10/2018;Motociclista
Masculino;82;.;4/10/2018;6/10/2018;Peatón
Masculino;66;0:50;8/10/2018;8/10/2018;Ciclista
Femenino;83;18:35;28/09/2018;8/10/2018;Peatón
Masculino;58;21:10;9/10/2018;9/10/2018;Peatón
Masculino;25;8:30;10/10/2018;10/10/2018;Peatón
Masculino;43;13:20;11/10/2018;11/10/2018;Ciclista
Masculino;67;.;12/10/2018;12/10/2018;Peatón
Masculino;62;17:10;13/10/2018;13/10/2018;Motociclista
Masculino;70;18:00;11/10/2018;14/10/2018;Peatón
Masculino;77;18:00;11/10/2018;14/10/2018;Peatón
Masculino;26;1:30;15/10/2018;15/10/2018;Motociclista
Femenino;48;9:30;18/10/2018;18/10/2018;Motociclista
Masculino;31;4:40;19/10/2018;19/10/2018;Motociclista
Femenino;75;.;19/10/2018;19/10/2018;Peatón
Masculino;34;22:40;5/10/2018;19/10/2018;Motociclista
Masculino;20;3:08;20/10/2018;20/10/2018;Motociclista
Masculino;75;.;22/10/2018;22/10/2018;Peatón
Masculino;28;10:45;24/10/2018;23/10/2018;Peatón
Masculino;17;6:40;24/10/2018;24/10/2018;Peatón
Femenino;41;17:00;25/10/2018;25/10/2018;Parrillero
Masculino;60;.;26/10/2018;26/10/2018;Peatón
Masculino;22;.;28/10/2018;28/10/2018;Motociclista
Femenino;47;14:25;28/10/2018;28/10/2018;Peatón
Masculino;77;.;30/10/2018;30/10/2018;Motociclista
Masculino;70;.;30/10/2018;30/10/2018;Peatón
Masculino;57;.;27/10/2018;2/11/2018;Peatón
Masculino;56;.;5/11/2018;4/11/2018;Peatón
Masculino;25;23:30;5/11/2018;5/11/2018;Motociclista
Masculino;51;4:20;6/11/2018;6/11/2018;Peatón
Masculino;47;1:30;15/10/2018;6/11/2018;Motociclista
Masculino;65;9:50;7/11/2018;7/11/2018;Motociclista
Masculino;70;19:30;29/10/2018;7/11/2018;Peatón
Masculino;58;19:35;3/11/2018;8/11/2018;Peatón
Masculino;25;5:50;10/11/2018;9/11/2018;Motociclista
Masculino;63;11:30;9/11/2018;9/11/2018;Conductor
Masculino;55;22:45;9/11/2018;11/11/2018;Peatón
Masculino;37;17:05;8/11/2018;11/11/2018;Motociclista
Masculino;46;10:45;4/11/2018;11/11/2018;Motociclista
Masculino;69;.;2/11/2018;11/11/2018;Peatón
Masculino;66;6:15;13/11/2018;13/11/2018;Peatón
Masculino;60;20:11;13/11/2018;14/11/2018;Peatón
Masculino;20;21:15;15/11/2018;16/11/2018;Motociclista
Masculino;17;12:00;18/11/2018;18/11/2018;Motociclista
Femenino;29;6:30;19/11/2018;19/11/2018;Motociclista
Masculino;62;.;19/11/2018;19/11/2018;Peatón
Femenino;24;23:14;19/11/2018;19/11/2018;Motociclista
Masculino;62;.;19/11/2018;19/11/2018;Peatón
Femenino;67;.;19/11/2018;19/11/2018;Peatón
Masculino;22;22:30;22/11/2018;22/11/2018;Motociclista
Masculino;69;19:00;12/11/2018;22/11/2018;Motociclista
Masculino;63;7:53;4/10/2018;22/11/2018;Peatón
Masculino;34;9:00;22/11/2018;23/11/2018;Motociclista
Masculino;60;10:50;25/10/2018;23/11/2018;Ciclista
Masculino;45;.;25/11/2018;25/11/2018;Conductor
Masculino;20;15:10;26/11/2018;26/11/2018;Motociclista
Femenino;56;4:30;27/11/2018;27/11/2018;Peatón
Masculino;62;9:20;28/11/2018;28/11/2018;Peatón
Masculino;60;.;28/11/2018;28/11/2018;Peatón
Masculino;72;13:42;1/12/2018;1/12/2018;Ciclista
Masculino;72;7:30;2/12/2018;3/12/2018;Ciclista
Femenino;61;4:30;2/12/2018;3/12/2018;Peatón
Masculino;23;10:55;6/12/2018;6/12/2018;Motociclista
Masculino;28;6:55;7/12/2018;7/12/2018;Motociclista
Masculino;49;14:40;7/12/2018;7/12/2018;Motociclista
Masculino;65;14:50;5/12/2018;7/12/2018;Ciclista
Masculino;71;23:00;19/11/2018;7/12/2018;Peatón
Femenino;72;17:00;30/07/2018;8/12/2018;Peatón
Masculino;65;20:20;27/11/2018;9/12/2018;Ciclista
Masculino;57;15:55;10/12/2018;10/12/2018;Peatón
Masculino;75;21:15;15/11/2018;11/12/2018;Peatón
Masculino;57;8:30;10/12/2018;12/12/2018;Motociclista
Femenino;77;17:59;14/12/2018;14/12/2018;Peatón
Masculino;24;0:39;15/12/2018;15/12/2018;Motociclista
Masculino;22;0:39;15/12/2018;15/12/2018;Motociclista
Masculino;32;1:40;15/12/2018;15/12/2018;Motociclista
Masculino;14;18:56;18/10/2018;16/12/2018;Peatón
Masculino;57;23:00;15/12/2018;17/12/2018;Peatón
Masculino;37;23:39;19/10/2018;20/12/2018;Motociclista
Masculino;60;.;21/12/2018;22/12/2018;Peatón
Masculino;54;.;23/12/2018;24/12/2018;Peatón
Masculino;30;13:05;23/12/2018;24/12/2018;Motociclista
Masculino;26;0:40;24/12/2018;25/12/2018;Motociclista
Masculino;24;6:55;26/12/2018;26/12/2018;Motociclista
Femenino;75;6:55;26/12/2018;26/12/2018;Peatón
Masculino;59;.;26/12/2018;26/12/2018;Motociclista
Masculino;55;11:59;27/12/2018;27/12/2018;Motociclista
Masculino;86;.;24/11/2018;27/12/2018;Peatón
Masculino;54;22:30;26/08/2018;27/12/2018;Peatón
Masculino;76;.;28/12/2018;28/12/2018;Peatón
Masculino;43;15:15;26/12/2018;28/12/2018;Pasajero de Auto
Masculino;52;23:00;26/12/2018;29/12/2018;Peatón
Femenino;75;.;17/12/2018;30/12/2018;Peatón
Masculino;23;4:00;31/12/2018;31/12/2018;Conductor
Masculino;39;5:20;1/01/2019;1/01/2019;Motociclista
Masculino;49;7:02;1/01/2019;1/01/2019;Motociclista
Masculino;18;20:15;2/11/2018;1/01/2019;Peatón
Masculino;65;6:50;4/01/2019;4/01/2019;Ciclista
Masculino;16;1:18;4/01/2019;5/01/2019;Motociclista
Masculino;14;12:30;31/12/2018;5/01/2019;Motociclista
Masculino;45;2:03;7/01/2019;7/01/2019;Peatón
Masculino;22;16:37;8/01/2019;8/01/2019;Motociclista
Masculino;52;10:35;10/01/2019;10/01/2019;Motociclista
Masculino;54;7:55;10/01/2019;10/01/2019;Peatón
Masculino;90;18:00;10/01/2019;10/01/2019;Peatón
Masculino;20;23:30;11/01/2019;12/01/2019;Motociclista
Masculino;86;19:30;20/12/2018;12/01/2019;Peatón
Femenino;41;8:05;12/01/2019;13/01/2019;Parrillero
Femenino;33;15:50;14/01/2019;14/01/2019;Peatón
Femenino;54;15:50;14/01/2019;14/01/2019;Peatón
Masculino;40;11:35;15/01/2019;15/01/2019;Ciclista
Masculino;81;.;9/01/2019;15/01/2019;Peatón
Femenino;48;5:45;17/01/2019;17/01/2019;Peatón
Masculino;58;13:20;18/01/2019;18/01/2019;Peatón
Masculino;86;12:56;22/11/2018;21/01/2019;Peatón
Masculino;88;.;31/12/2018;24/01/2019;Peatón
Masculino;20;13:40;28/01/2019;28/01/2019;Motociclista
Masculino;54;.;29/12/2018;29/01/2019;Peatón
Femenino;84;.;27/01/2019;1/02/2019;Peatón
Masculino;23;.;3/02/2019;4/02/2019;Motociclista
Femenino;65;9:07;8/12/2018;5/02/2019;Peatón
Femenino;85;18:50;7/02/2019;8/02/2019;Peatón
Masculino;88;15:20;9/02/2019;9/02/2019;Peatón
Masculino;67;5:30;18/01/2019;9/02/2019;Ciclista
Masculino;77;9:05;11/02/2019;11/02/2019;Motociclista
Masculino;22;1:00;11/02/2019;11/02/2019;Motociclista
Femenino;66;21:58;12/02/2019;13/02/2019;Peatón
Masculino;50;14:30;14/02/2019;14/02/2019;Motociclista
Femenino;69;.;13/02/2019;14/02/2019;Peatón
Masculino;82;10:00;8/02/2019;14/02/2019;Ciclista
Masculino;35;17:30;16/02/2019;16/02/2019;Motociclista
Masculino;42;3:20;18/02/2019;18/02/2019;Motociclista
Masculino;27;17:40;16/02/2019;18/02/2019;Motociclista
Masculino;15;14:30;12/02/2019;18/02/2019;Ciclista
Masculino;65;20:30;19/02/2019;19/02/2019;Peatón
Masculino;53;22:15;22/02/2019;22/02/2019;Peatón
Masculino;72;.;24/02/2019;24/02/2019;Peatón
Masculino;18;23:40;24/02/2019;24/02/2019;Motociclista
Masculino;67;7:40;18/02/2019;24/02/2019;Ciclista
Masculino;20;.;24/02/2019;25/02/2019;Motociclista
Femenino;37;.;26/02/2019;26/02/2019;Ciclista
Femenino;76;4:30;27/02/2019;27/02/2019;Peatón
Masculino;54;17:30;16/02/2019;28/02/2019;Ciclista
Femenino;50;.;.;1/03/2019;Peatón
Masculino;50;23.3;4/12/2018;3/03/2019;Ciclista
Masculino;45;8:30;6/03/2019;6/03/2019;Motociclista
Masculino;36;13:30;8/03/2019;8/03/2019;Motociclista
Masculino;64;22:00;7/03/2019;8/03/2019;Peatón
Masculino;22;0:45;9/03/2019;9/03/2019;Motociclista
Masculino;58;6:40;9/03/2019;9/03/2019;Motociclista
Masculino;24;3:18;9/03/2019;10/03/2019;Motociclista
Masculino;26;17:03;11/03/2019;11/03/2019;Ciclista
Masculino;24;10:10;28/11/2018;11/03/2019;Motociclista
Masculino;29;.;3/03/2019;12/03/2019;Motociclista
Masculino;45;.;10/03/2019;13/03/2019;Peatón
Masculino;40;10:20;1/02/2019;14/03/2019;Peatón
Masculino;73;.;15/03/2019;15/03/2019;Peatón
Femenino;66;20:10;14/03/2019;15/03/2019;Peatón
Masculino;23;3:00;16/03/2019;16/03/2019;Conductor
Masculino;60;3:00;16/03/2019;16/03/2019;Pasajero de Auto
Masculino;87;21:00;16/03/2019;16/03/2019;Peatón
Masculino;17;18:40;17/03/2019;17/03/2019;Parrillero
Masculino;62;12:00;16/03/2019;17/03/2019;Peatón
Femenino;28;18:30;20/03/2019;21/03/2019;Parrillero
Masculino;28;.;23/03/2019;23/03/2019;Motociclista
Femenino;45;.;25/03/2019;25/03/2019;Parrillero
Masculino;55;5:00;25/03/2019;25/03/2019;Motociclista
Masculino;67;.;14/01/2019;25/03/2019;Motociclista
Masculino;67;.;.;26/03/2019;Peatón
Masculino;43;6:30;4/02/2019;28/03/2019;Motociclista
Masculino;37;20:00;30/03/2019;30/03/2019;Motociclista
Masculino;67;20:35;23/03/2019;31/03/2019;Peatón
Masculino;81;19:00;10/03/2019;31/03/2019;Peatón
Masculino;56;16:20;28/03/2019;1/04/2019;Peatón
Masculino;71;9:30;27/03/2019;3/04/2019;Ciclista
Masculino;84;.;23/03/2019;4/04/2019;Peatón
Masculino;26;4:00;7/04/2019;7/04/2019;Motociclista
Masculino;83;6:00;7/04/2019;7/04/2019;Peatón
Masculino;27;23:20;8/04/2019;8/04/2019;Motociclista
Masculino;48;23:30;8/04/2019;8/04/2019;Ciclista
Masculino;25;10:50;23/03/2019;8/04/2019;Motociclista
Masculino;69;5:30;17/03/2019;9/04/2019;Peatón
Masculino;63;12:15;6/04/2019;10/04/2019;Ciclista
Masculino;62;13:50;11/04/2019;11/04/2019;Motociclista
Femenino;66;10:20;14/04/2019;14/04/2019;Peatón
Femenino;27;8:15;17/04/2019;17/04/2019;Motociclista
Masculino;53;4:00;16/04/2019;17/04/2019;Motociclista
Femenino;29;15:05;16/04/2019;18/04/2019;Peatón
Masculino;17;10:50;22/04/2019;22/04/2019;Motociclista
Masculino;18;22:30;17/04/2019;24/04/2019;Motociclista
Masculino;16;10:20;25/04/2019;25/04/2019;Ciclista
Masculino;29;20:50;22/04/2019;25/04/2019;Parrillero
Femenino;76;18:40;16/04/2019;25/04/2019;Peatón
Masculino;72;17:30;26/04/2019;26/04/2019;Peatón
Masculino;81;9:30;29/04/2019;29/04/2019;Peatón
Masculino;60;16:40;30/04/2019;30/04/2019;Ciclista
Masculino;87;21:30;30/04/2019;30/04/2019;Peatón
Masculino;75;13:00;28/04/2019;30/04/2019;Motociclista
Masculino;40;.;27/04/2019;30/04/2019;Peatón
Masculino;68;.;25/04/2019;30/04/2019;Peatón
Masculino;38;4:40;1/05/2019;1/05/2019;Ciclista
Masculino;26;7:30;2/05/2019;2/05/2019;Motociclista
Masculino;58;20:00;1/05/2019;3/05/2019;Peatón
Masculino;40;1:40;5/05/2019;5/05/2019;Motociclista
Masculino;91;.;4/05/2019;5/05/2019;Peatón
Masculino;84;13:25;6/05/2019;6/05/2019;Peatón
Masculino;22;14:05;5/05/2019;6/05/2019;Motociclista
Masculino;60;7:20;14/09/2017;7/05/2019;Ciclista
Masculino;63;10:00;9/05/2019;9/05/2019;Peatón
Femenino;52;8:02;10/05/2019;10/05/2019;Parrillero
Masculino;85;18:30;9/05/2019;10/05/2019;Peatón
Masculino;33;.;.;15/05/2019;Motociclista
Masculino;20;.;.;16/05/2019;Parrillero
Femenino;72;.;16/05/2019;16/05/2019;Motociclista
Femenino;21;18:30;17/05/2019;18/05/2019;Motociclista
Femenino;21;3:00;19/05/2019;19/05/2019;Parrillero
Masculino;2;15:45;20/05/2019;20/05/2019;Pasajero de Auto
Masculino;54;22:30;18/05/2019;20/05/2019;Motociclista
Masculino;31;14:00;17/05/2019;22/05/2019;Motociclista
Masculino;80;15:56;23/05/2019;23/05/2019;Peatón
Masculino;70;4:30;26/05/2019;26/05/2019;Ciclista
Masculino;21;23:34;26/05/2019;26/05/2019;Motociclista
Masculino;79;9:00;24/05/2019;28/05/2019;Peatón
Masculino;74;8:45;12/05/2019;30/05/2019;Motociclista
Femenino;23;1:32;31/05/2019;31/05/2019;Motociclista
Masculino;42;23:20;1/06/2019;1/06/2019;Ciclista
Masculino;37;19:10;31/05/2019;1/06/2019;Ciclista
Masculino;67;21:00;2/06/2019;2/06/2019;Peatón
Masculino;22;3:40;3/06/2019;3/06/2019;Pasajero de Auto
Masculino;39;.;3/06/2019;3/06/2019;Motociclista
Masculino;23;3:40;3/06/2019;3/06/2019;Pasajero de Auto
Masculino;27;18:10;30/05/2019;4/06/2019;Motociclista
Masculino;63;.;5/06/2019;5/06/2019;Peatón
Masculino;28;16:20;7/06/2019;7/06/2019;Motociclista
Femenino;41;19:40;8/06/2019;8/06/2019;Peatón
Femenino;27;21:50;9/06/2019;9/06/2019;Peatón
Masculino;35;13:38;10/06/2019;10/06/2019;Motociclista
Masculino;78;16:10;11/06/2019;11/06/2019;Motociclista
Masculino;23;12:47;10/06/2019;11/06/2019;Motociclista
Femenino;68;14:30;12/03/2019;12/06/2019;Peatón
Femenino;21;.;15/06/2019;15/06/2019;Motociclista
Masculino;45;20:00;17/06/2019;17/06/2019;Peatón
Masculino;68;19:00;16/06/2019;17/06/2019;Peatón
Masculino;18;2:10;23/02/2019;17/06/2019;Motociclista
Masculino;79;20:45;20/06/2019;21/06/2019;Peatón
Femenino;19;23:35;2/02/2019;21/06/2019;Peatón
Masculino;25;4:30;23/06/2019;23/06/2019;Peatón
Masculino;59;17:30;18/06/2019;23/06/2019;Peatón
Femenino;68;22:55;27/06/2019;27/06/2019;Peatón
Masculino;81;13:40;21/06/2019;28/06/2019;Peatón
Masculino;21;23:30;28/06/2019;29/06/2019;Motociclista
Femenino;15;13:30;30/06/2019;30/06/2019;Motociclista
Femenino;38;13:55;26/06/2019;1/07/2019;Parrillero
Masculino;32;.;.;2/07/2019;Peatón
Masculino;17;18:30;2/07/2019;2/07/2019;Ciclista
Femenino;70;17:30;2/07/2019;2/07/2019;Peatón
Masculino;20;11:20;4/07/2019;4/07/2019;Ciclista
Femenino;74;10:00;4/07/2019;5/07/2019;Peatón
Masculino;19;14:00;29/06/2019;5/07/2019;Motociclista
Masculino;60;2:45;7/07/2019;7/07/2019;Peatón
Masculino;59;19:10;7/07/2019;7/07/2019;Motociclista
Masculino;46;.;.;8/07/2019;Peatón
Masculino;42;0:10;21/04/2019;11/07/2019;Motociclista
Masculino;50;22:00;11/07/2019;12/07/2019;Peatón
Femenino;35;20:20;22/02/2019;12/07/2019;Motociclista
Masculino;23;3:15;13/07/2019;13/07/2019;Motociclista
Femenino;39;0:10;15/07/2019;15/07/2019;Pasajero de Auto
Masculino;68;19:50;7/07/2019;17/07/2019;Peatón
Masculino;23;4:20;20/07/2019;20/07/2019;Ciclista
Masculino;54;19:15;20/07/2019;20/07/2019;Peatón
Femenino;54;.;20/07/2019;20/07/2019;Peatón
Masculino;63;.;26/06/2019;20/07/2019;Peatón
Femenino;80;16:00;15/07/2019;22/07/2019;Peatón
Femenino;23h;9:30;22/07/2019;23/07/2019;Pasajero de Auto
Masculino;22;23:25;26/07/2019;26/07/2019;Motociclista
Masculino;85;20:30;20/07/2019;27/07/2019;Peatón
Masculino;21;2:32;28/07/2019;28/07/2019;Motociclista
Masculino;24;4:30;21/07/2019;30/07/2019;Motociclista
Femenino;56;.;26/06/2019;30/07/2019;Peatón
Femenino;56;18:20;1/08/2019;1/08/2019;Peatón
Femenino;56;5:20;1/08/2019;1/08/2019;Peatón
Masculino;63;10:45;24/07/2019;3/08/2019;Ciclista
Femenino;25;16:35;30/07/2019;4/08/2019;Motociclista
Masculino;44;1:10;13/01/2019;4/08/2019;Peatón
Masculino;55;2:07;7/08/2019;7/08/2019;Motociclista
Masculino;29;8:10;7/08/2019;7/08/2019;Motociclista
Masculino;75;.;21/05/2019;10/08/2019;Peatón
Masculino;30;6:40;11/08/2019;11/08/2019;Motociclista
Masculino;26;1:10;5/08/2019;13/08/2019;Motociclista
Masculino;46;14:15;14/08/2019;14/08/2019;Motociclista
Masculino;25;22:02;25/06/2019;17/08/2019;Peatón
Masculino;42;2:00;18/08/2019;18/08/2019;Motociclista
Masculino;25;3:40;19/08/2019;19/08/2019;Peatón
Masculino;47;5:20;21/08/2019;21/08/2019;Ciclista
Masculino;43;13:00;14/08/2019;22/08/2019;Motociclista
Masculino;71;7:10;23/08/2019;23/08/2019;Ciclista
Masculino;79;19:10;20/08/2019;24/08/2019;Peatón
Masculino;37;3:00;25/08/2019;25/08/2019;Motociclista
Masculino;58;17:25;21/08/2019;27/08/2019;Ciclista
Masculino;54;17:25;15/07/2019;29/08/2019;Ciclista
Masculino;85;7:53;31/08/2019;31/08/2019;Peatón
Masculino;41;21:00;23/04/2019;3/09/2019;Peatón
Masculino;62;.;2/09/2019;6/09/2019;Motociclista
Masculino;30;4:46;7/09/2019;7/09/2019;Motociclista
Masculino;25;3:30;8/09/2019;8/09/2019;Motociclista
Masculino;81;19:10;15/08/2019;16/09/2019;Peatón
Femenino;57;14:40;18/09/2019;18/09/2019;Parrillero
Masculino;35;6:30;23/09/2019;23/09/2019;Motociclista
Masculino;30;3:18;9/03/2019;23/09/2019;Motociclista
Masculino;58;.;26/09/2019;26/09/2019;Ciclista
Masculino;84;9:20;26/09/2019;27/09/2019;Peatón
Masculino;26;10:59;29/09/2019;30/09/2019;Motociclista
Masculino;20;0:42;2/10/2019;2/10/2019;Motociclista
Masculino;39;16:50;20/09/2019;4/10/2019;Peatón
Masculino;31;10:20;5/10/2019;5/10/2019;Peatón
Masculino;16;.;5/10/2019;5/10/2019;Motociclista
Masculino;63;.;4/10/2019;5/10/2019;Peatón
Masculino;31;9:00;6/10/2019;6/10/2019;Motociclista
Masculino;51;.;3/10/2019;8/10/2019;Peatón
Masculino;29;22:25;10/10/2019;10/10/2019;Motociclista
Masculino;20;0:15;7/10/2019;10/10/2019;Ciclista
Femenino;76;13:30;2/10/2019;12/10/2019;Peatón
Masculino;56;10:00;13/10/2019;13/10/2019;Peatón
Masculino;58;16:00;3/10/2019;13/10/2019;Pasajero de Auto
Femenino;26;.;14/10/2019;14/10/2019;Motociclista
Femenino;80;20:10;13/10/2019;14/10/2019;Peatón
Masculino;57;8:30;10/10/2019;14/10/2019;Peatón
Masculino;73;20:07;14/10/2019;16/10/2019;Peatón
Masculino;30;11:20;17/10/2019;19/10/2019;Motociclista
Masculino;20;20:30;20/10/2019;20/10/2019;Motociclista
Masculino;65;.;19/10/2019;20/10/2019;Ciclista
Masculino;19;16:00;20/06/2018;20/10/2019;Peatón
Femenino;83;17:35;20/09/2019;23/10/2019;Peatón
Masculino;73;13:10;28/09/2019;24/10/2019;Peatón
Masculino;63;20:50;25/10/2019;25/10/2019;Peatón
Masculino;26;23:30;23/10/2019;25/10/2019;Motociclista
Masculino;36;13:20;28/10/2019;28/10/2019;Motociclista
Masculino;60;.;15/09/2019;28/10/2019;Peatón
Masculino;33;15:00;29/10/2019;29/10/2019;Peatón
Femenino;53;9:00;30/10/2019;30/10/2019;Ciclista
Masculino;53;.;30/09/2019;1/11/2019;Peatón
Masculino;61;8:05;2/11/2019;2/11/2019;Motociclista
Masculino;22;9:30;2/11/2019;2/11/2019;Pasajero de Auto
Masculino;77;.;2/11/2019;2/11/2019;Peatón
Femenino;79;22:20;1/11/2019;3/11/2019;Peatón
Masculino;29;.;.;5/11/2019;Motociclista
Masculino;22;0:30;5/11/2019;5/11/2019;Motociclista
Masculino;83;10:45;5/11/2019;5/11/2019;Peatón
Masculino;86;11:20;5/11/2019;6/11/2019;Peatón
Femenino;49;23:09;10/11/2019;10/11/2019;Peatón
Masculino;77;12:30;6/11/2019;10/11/2019;Peatón
Masculino;78;10:30;10/11/2019;13/11/2019;Ciclista
Masculino;66;18:30;4/11/2019;13/11/2019;Peatón
Masculino;70;6:00;14/11/2019;14/11/2019;Peatón
Femenino;30;0:25;16/11/2019;16/11/2019;Peatón
Masculino;27;0:05;11/11/2019;16/11/2019;Motociclista
Masculino;54;6:35;30/10/2019;17/11/2019;Peatón
Masculino;21;.;18/11/2019;18/11/2019;Motociclista
Masculino;84;.;19/11/2019;19/11/2019;Peatón
Masculino;31;0:40;20/11/2019;20/11/2019;Motociclista
Masculino;45;10:40;20/11/2019;20/11/2019;Ciclista
Femenino;57;18:45;23/11/2019;23/11/2019;Parrillero
Masculino;72;20:30;24/11/2019;24/11/2019;Peatón
Masculino;26;3:10;27/11/2019;27/11/2019;Motociclista
Masculino;1;14:00;29/11/2019;29/11/2019;Parrillero
Femenino;16;4:40;1/12/2019;1/12/2019;Parrillero
Femenino;24;7:00;2/12/2019;2/12/2019;Motociclista
Masculino;49;19:40;1/12/2019;2/12/2019;Peatón
Masculino;35;9:30;18/08/2019;2/12/2019;Peatón
Masculino;23;8:35;3/12/2019;3/12/2019;Motociclista
Masculino;25;23:50;5/12/2019;5/12/2019;Conductor
Masculino;79;18:40;4/12/2019;5/12/2019;Peatón
Masculino;45;6:00;3/12/2019;5/12/2019;Motociclista
Masculino;37;1:10;6/12/2019;6/12/2019;Motociclista
Masculino;79;14:00;7/12/2019;7/12/2019;Peatón
Masculino;3;20:00;7/12/2019;7/12/2019;Pasajero de Auto
Masculino;21;20:00;7/12/2019;7/12/2019;Motociclista
Masculino;78;20:00;7/12/2019;7/12/2019;Peatón
Masculino;33;21:30;7/12/2019;7/12/2019;Motociclista
Masculino;70;17:50;7/12/2019;7/12/2019;Peatón
Femenino;33;4:00;8/12/2019;8/12/2019;Parrillero
Masculino;82;.;8/12/2019;8/12/2019;Sin dato
Femenino;27;19:01;10/12/2019;10/12/2019;Motociclista
Femenino;32;13:50;7/12/2019;10/12/2019;Pasajero de Auto
Masculino;25;16:20;13/12/2019;13/12/2019;Motociclista
Femenino;21;13:30;12/12/2019;13/12/2019;Parrillero
Masculino;44;.;6/12/2019;13/12/2019;Peatón
Masculino;60;.;.;15/12/2019;Peatón
Masculino;77;3:50;15/12/2019;15/12/2019;Ciclista
Masculino;52;5:20;17/12/2019;17/12/2019;Motociclista
Masculino;25;16:20;17/12/2019;17/12/2019;Motociclista
Masculino;25;7:30;17/12/2019;17/12/2019;Motociclista
Femenino;86;17:45;12/12/2019;17/12/2019;Peatón
Femenino;58;20:20;19/12/2019;19/12/2019;Peatón
Masculino;25;18:30;20/12/2019;20/12/2019;Peatón
Masculino;37;7:30;21/12/2019;21/12/2019;Motociclista
Masculino;38;21:20;21/12/2019;21/12/2019;Motociclista
Masculino;57;0:30;22/12/2019;22/12/2019;Motociclista
Masculino;40;6:30;29/11/2019;22/12/2019;Peatón
Masculino;71;.;21/12/2019;23/12/2019;Ciclista
Masculino;30;.;.;25/12/2019;Motociclista
Masculino;78;17:10;21/12/2019;25/12/2019;Peatón
Femenino;74;13:30;11/12/2019;26/12/2019;Peatón
Femenino;79;20:50;24/12/2019;27/12/2019;Peatón
Masculino;24;6:30;28/12/2019;28/12/2019;Motociclista
Femenino;14;20:00;27/12/2019;28/12/2019;Peatón
Femenino;71;.;21/12/2019;29/12/2019;Peatón
Femenino;57;16:50;30/12/2019;30/12/2019;Parrillero
Masculino;24;2:30;28/12/2019;30/12/2019;Motociclista
Masculino;84;2:45;1/01/2020;1/01/2020;Peatón
Masculino;47;14:27;1/01/2020;1/01/2020;Motociclista
Femenino;86;11:56;1/01/2020;1/01/2020;Peatón
Masculino;63;17:10;30/01/2019;3/01/2020;Ciclista
Masculino;28;8:30;1/01/2020;4/01/2020;Motociclista
Masculino;43;9:30;22/12/2019;5/01/2020;Peatón
Masculino;77;6:00;9/01/2020;9/01/2020;Peatón
Masculino;16;.;9/01/2020;9/01/2020;Ciclista
Femenino;55;15:14;9/01/2020;9/01/2020;Parrillero
Masculino;63;6:15;5/01/2020;10/01/2020;Ciclista
Masculino;54;10:30;11/01/2020;11/01/2020;Peatón
Masculino;82;18:14;12/01/2020;12/01/2020;Peatón
Femenino;38;18:30;12/01/2020;12/01/2020;Parrillero
Masculino;23;19:47;13/01/2020;13/01/2020;Motociclista
Femenino;70;19:15;17/01/2020;18/01/2020;Peatón
Masculino;24;4:40;19/01/2020;19/01/2020;Motociclista
Masculino;73;11:40;10/01/2020;19/01/2020;Motociclista
Masculino;84;.;19/12/2019;20/01/2020;Peatón
Masculino;54;.;13/01/2020;21/01/2020;Peatón
Masculino;60;18:10;22/01/2020;22/01/2020;Ciclista
Masculino;11;14:06;21/01/2020;22/01/2020;Ciclista
Masculino;83;9:00;23/01/2020;23/01/2020;Ciclista
Masculino;89;14:00;14/01/2020;24/01/2020;Peatón
Masculino;52;22:00;24/01/2020;25/01/2020;Peatón
Masculino;50;13:30;27/01/2020;27/01/2020;Motociclista
Masculino;23;16:40;26/01/2020;28/01/2020;Motociclista
Masculino;28;23:10;29/01/2020;30/01/2020;Motociclista
Masculino;24;4:00;28/01/2020;31/01/2020;Motociclista
Masculino;62;17:25;19/12/2019;31/01/2020;Ciclista
Masculino;60;1:10;20/01/2020;1/02/2020;Ciclista
Masculino;17;2:10;2/02/2020;2/02/2020;Motociclista
Masculino;74;8:00;31/01/2020;2/02/2020;Peatón
Masculino;21;21:30;25/01/2020;2/02/2020;Ciclista
Masculino;64;19:15;3/02/2020;4/02/2020;Peatón
Masculino;23;9:30;5/02/2020;5/02/2020;Motociclista
Femenino;21;6:35;7/02/2020;7/02/2020;Peatón
Femenino;45;17:40;6/02/2020;7/02/2020;Parrillero
Masculino;89;20:00;7/02/2020;9/02/2020;Peatón
Masculino;83;6:10;10/02/2020;10/02/2020;Peatón
Masculino;13;17:30;11/02/2020;11/02/2020;Ciclista
Femenino;73;16:30;14/02/2020;14/02/2020;Pasajero de Auto
Masculino;77;20:00;14/02/2020;15/02/2020;Peatón
Masculino;27;4:50;16/02/2020;16/02/2020;Motociclista
Masculino;79;13:15;15/01/2020;16/02/2020;Peatón
Masculino;67;21:20;8/02/2020;18/02/2020;Motociclista
Masculino;68;14:30;1/01/2020;19/02/2020;Conductor
Masculino;45;17:30;21/02/2020;21/02/2020;Motociclista
Masculino;30;9:50;21/02/2020;21/02/2020;Pasajero de Auto
Masculino;80;.;31/12/2019;21/02/2020;Peatón
Masculino;72;5:34;22/02/2020;22/02/2020;Peatón
Masculino;79;15:10;22/02/2020;22/02/2020;Peatón
Femenino;31;3:50;23/02/2020;23/02/2020;Motociclista
Masculino;78;13:46;24/02/2020;24/02/2020;Ciclista
Masculino;19;6:30;25/02/2020;25/02/2020;Motociclista
Masculino;70;16:45;25/02/2020;25/02/2020;Pasajero de Auto
Masculino;64;1:30;22/02/2020;26/02/2020;Motociclista
Masculino;62;12:10;24/02/2020;2/03/2020;Motociclista
Femenino;25;7:40;28/02/2020;3/03/2020;Motociclista
Masculino;18;23:40;4/03/2020;4/03/2020;Pasajero de Auto
Masculino;18;22:20;8/03/2020;8/03/2020;Motociclista
Masculino;41;5:40;24/01/2020;8/03/2020;Peatón
Masculino;60;.;9/03/2020;10/03/2020;Peatón
Masculino;61;.;27/01/2020;10/03/2020;Peatón
Masculino;23;5:00;11/03/2020;11/03/2020;Motociclista
Femenino;52;14:20;13/03/2020;13/03/2020;Parrillero
Masculino;30;.;16/03/2020;16/03/2020;Peatón
Masculino;19;17:00;14/03/2020;16/03/2020;Motociclista
Masculino;60;16:00;7/03/2020;16/03/2020;Peatón
Femenino;61;15:20;25/02/2020;16/03/2020;Parrillero
Masculino;30;19:30;14/03/2020;17/03/2020;Motociclista
Masculino;26;2:00;8/03/2020;19/03/2020;Conductor
Masculino;28;17:50;20/03/2020;20/03/2020;Motociclista
Masculino;65;21:00;17/03/2020;24/03/2020;Peatón
Masculino;71;19:15;14/02/2020;25/03/2020;Ciclista
Masculino;63;.;26/03/2020;26/03/2020;Peatón
Masculino;29;17:30;28/03/2020;28/03/2020;Motociclista
Masculino;45;8:25;1/04/2020;1/04/2020;Peatón
Masculino;32;9:22;6/03/2020;1/04/2020;Peatón
Masculino;22;19:40;2/04/2020;2/04/2020;Motociclista
Masculino;37;.;4/04/2020;4/04/2020;Motociclista
Masculino;21;9:50;11/04/2020;11/04/2020;Motociclista
Masculino;29;12:25;14/04/2020;14/04/2020;Ciclista
Femenino;38;17:40;14/04/2020;14/04/2020;Motociclista
Masculino;42;.;.;18/04/2020;Peatón
Masculino;35;16:25;21/04/2020;22/04/2020;Motociclista
Masculino;23;15:50;29/04/2020;29/04/2020;Parrillero
Masculino;25;5:30;1/05/2020;1/05/2020;Motociclista
Masculino;26;13:40;2/05/2020;2/05/2020;Motociclista
Femenino;27;13:00;3/05/2020;3/05/2020;Motociclista
Masculino;58;15:00;26/04/2020;3/05/2020;Ciclista
Masculino;60;18:15;5/05/2020;5/05/2020;Motociclista
Masculino;63;7:30;19/03/2020;13/05/2020;Parrillero
Masculino;31;6:30;17/05/2020;17/05/2020;Motociclista
Masculino;18;16:45;17/05/2020;17/05/2020;Ciclista
Masculino;32;5:13;19/05/2020;19/05/2020;Ciclista
Masculino;16;16:45;17/05/2020;19/05/2020;Ciclista
Masculino;29;4:50;24/05/2020;24/05/2020;Motociclista
Masculino;40;10:20;28/05/2020;28/05/2020;Motociclista
Femenino;54;.;18/05/2020;29/05/2020;Peatón
Masculino;80;16:20;30/05/2020;30/05/2020;Peatón
Masculino;35;.;24/05/2020;30/05/2020;Motociclista
Masculino;47;23:30;31/05/2020;1/06/2020;Motociclista
Masculino;28;5:00;27/05/2020;6/06/2020;Motociclista
Masculino;57;.;16/05/2020;7/06/2020;Motociclista
Femenino;70;5:50;5/06/2020;10/06/2020;Peatón
Masculino;66;12:00;14/06/2020;14/06/2020;Motociclista
Masculino;20;.;10/06/2020;14/06/2020;Peatón
Masculino;30;9:30;7/06/2020;15/06/2020;Conductor
Masculino;13;.;17/06/2020;18/06/2020;Motociclista
Masculino;18;13:40;19/06/2020;19/06/2020;Ciclista
Masculino;23;7:30;22/06/2020;22/06/2020;Pasajero de Auto
Masculino;34;21:40;21/06/2020;23/06/2020;Motociclista
Masculino;20;13:32;21/06/2020;23/06/2020;Motociclista
Masculino;24;16:05;24/06/2020;24/06/2020;Motociclista
Masculino;82;12:30;25/06/2020;25/06/2020;Peatón
Masculino;24;17:30;5/06/2020;28/06/2020;Peatón
Masculino;69;9:59;4/06/2020;30/06/2020;Peatón
Masculino;58;15:30;12/06/2020;3/07/2020;Ciclista
Masculino;38;23:30;4/07/2020;4/07/2020;Motociclista
Masculino;68;18:30;22/06/2020;4/07/2020;Peatón
Masculino;86;15:50;6/07/2020;7/07/2020;Peatón
Masculino;50;10:20;12/07/2020;12/07/2020;Peatón
Masculino;53;15:50;12/07/2020;12/07/2020;Motociclista
Masculino;50;18:30;12/07/2020;12/07/2020;Peatón
Femenino;27;3:20;13/07/2020;13/07/2020;Motociclista
Masculino;80;.;4/07/2020;13/07/2020;Peatón
Masculino;72;8:50;2/07/2020;16/07/2020;Peatón
Femenino;52;12:00;8/07/2020;19/07/2020;Peatón
Masculino;30;.;18/07/2020;20/07/2020;Peatón
Masculino;19;19:30;23/07/2020;23/07/2020;Motociclista
Masculino;56;17:35;26/07/2020;26/07/2020;Peatón
Masculino;25;.;27/07/2020;27/07/2020;Motociclista
Masculino;25;21:00;26/07/2020;27/07/2020;Motociclista
Masculino;20;.;25/07/2020;27/07/2020;Motociclista
Masculino;84;11:20;30/07/2020;30/07/2020;Peatón
Masculino;31;0:05;2/08/2020;2/08/2020;Motociclista
Masculino;60;.;11/06/2020;3/08/2020;Peatón
Masculino;19;20:00;3/08/2020;4/08/2020;Motociclista
Masculino;21;15:00;5/08/2020;5/08/2020;Motociclista
Masculino;73;6:35;5/08/2020;7/08/2020;Peatón
Masculino;64;18:45;9/08/2020;9/08/2020;Peatón
Masculino;48;12:30;6/06/2020;12/08/2020;Motociclista
Femenino;69;12:50;31/07/2020;13/08/2020;Peatón
Masculino;67;20:00;7/08/2020;14/08/2020;Ciclista
Masculino;69;8:00;5/08/2020;14/08/2020;Ciclista
Masculino;32;.;16/06/2020;14/08/2020;Motociclista
Masculino;71;16:10;14/08/2020;15/08/2020;Motociclista
Masculino;54;8:00;18/08/2020;18/08/2020;Ciclista
Masculino;15;18:30;18/08/2020;18/08/2020;Ciclista
Masculino;80;18:45;2/07/2020;18/08/2020;Peatón
Masculino;25;8:35;19/08/2020;19/08/2020;Motociclista
Masculino;36;17:40;19/08/2020;19/08/2020;Ciclista
Masculino;67;7:42;30/07/2020;20/08/2020;Peatón
Femenino;21;20:45;25/08/2020;25/08/2020;Parrillero
Masculino;53;18:15;22/08/2020;26/08/2020;Motociclista
Masculino;28;19:00;28/09/2020;28/08/2020;Motociclista
Masculino;58;12:30;28/08/2020;28/08/2020;Motociclista
Femenino;39;15:30;29/08/2020;29/08/2020;Motociclista
Masculino;29;5:30;30/08/2020;30/08/2020;Motociclista
Masculino;51;18:30;2/09/2020;2/09/2020;Peatón
Masculino;40;1:20;5/09/2020;5/09/2020;Motociclista
Femenino;29;20:00;20/08/2020;5/09/2020;Peatón
Masculino;66;7:20;6/09/2020;6/09/2020;Ciclista
Masculino;20;1:40;7/09/2020;7/09/2020;Ciclista
Femenino;35;15:20;8/09/2020;8/09/2020;Parrillero
Masculino;59;17:20;8/09/2020;8/09/2020;Motociclista
Masculino;26;19:45;10/09/2020;10/09/2020;Motociclista
Femenino;55;7:35;10/06/2020;10/09/2020;Parrillero
Masculino;64;10:35;11/09/2020;11/09/2020;Peatón
Femenino;75;18:45;11/09/2020;11/09/2020;Peatón
Masculino;35;13:18;9/09/2020;11/09/2020;Motociclista
Masculino;20;1:40;7/09/2020;11/09/2020;Ciclista
Masculino;48;21:20;11/09/2020;12/09/2020;Motociclista
Masculino;25;6:35;9/09/2020;12/09/2020;Peatón
Femenino;15;17:30;13/09/2020;13/09/2020;Parrillero
Masculino;66;8:08;14/09/2020;14/09/2020;Ciclista
Masculino;70;7:30;16/09/2020;16/09/2020;Pasajero de Auto
Masculino;55;7:30;18/09/2020;18/09/2020;Peatón
Masculino;31;15:20;18/09/2020;18/09/2020;Ciclista
Masculino;69;16:43;19/09/2020;19/09/2020;Motociclista
Femenino;75;12:45;20/09/2020;20/09/2020;Peatón
Masculino;50;.;17/09/2020;21/09/2020;Motociclista
Masculino;26;7:02;24/09/2020;24/09/2020;Motociclista
Masculino;47;19:34;9/09/2020;25/09/2020;Motociclista
Masculino;19;3:30;26/09/2020;26/09/2020;Motociclista
Femenino;50;17:00;20/09/2020;26/09/2020;Motociclista
Masculino;28;0:25;27/09/2020;27/09/2020;Conductor
Masculino;83;14:50;16/08/2020;27/09/2020;Peatón
Masculino;5;18:22;27/09/2020;29/09/2020;Peatón
Masculino;42;7:20;1/10/2020;1/10/2020;Motociclista
Femenino;23;23:30;27/09/2020;1/10/2020;Motociclista
Masculino;53;0:00;27/09/2020;2/10/2020;Motociclista
Femenino;52;9:15;5/10/2020;5/10/2020;Parrillero
Masculino;64;.;23/09/2020;6/10/2020;Peatón
Masculino;30;22:00;7/10/2020;7/10/2020;Peatón
Masculino;24;8:00;8/10/2020;8/10/2020;Motociclista
Femenino;20;22:40;8/10/2020;8/10/2020;Motociclista
Femenino;21;7:00;11/10/2020;11/10/2020;Motociclista
Masculino;25;3:30;11/10/2020;11/10/2020;Motociclista
Femenino;28;6:40;11/10/2020;11/10/2020;Parrillero
Masculino;22;.;11/10/2020;12/10/2020;Motociclista
Masculino;33;22:30;11/10/2020;12/10/2020;Peatón
Masculino;37;15:00;21/09/2020;14/10/2020;Motociclista
Masculino;69;16:00;16/06/2020;14/10/2020;Peatón
Femenino;42;.;15/10/2020;15/10/2020;Motociclista
Masculino;26;.;9/10/2020;16/10/2020;Motociclista
Masculino;49;10:20;23/07/2020;16/10/2020;Peatón
Masculino;88;16:40;17/10/2020;17/10/2020;Peatón
Masculino;20;.;21/10/2020;21/10/2020;Motociclista
Masculino;57;.;4/10/2020;21/10/2020;Ciclista
Femenino;82;8:38;8/10/2020;22/10/2020;Peatón
Masculino;70;.;27/09/2020;24/10/2020;Ciclista
Masculino;16;21:00;24/10/2020;25/10/2020;Motociclista
Masculino;28;14:10;26/10/2020;26/10/2020;Motociclista
Masculino;36;7:10;24/10/2020;26/10/2020;Ciclista
Masculino;63;.;1/10/2020;26/10/2020;Ciclista
Femenino;45;17:10;26/10/2020;28/10/2020;Peatón
Masculino;75;9:15;23/10/2020;29/10/2020;Peatón
Masculino;70;.;29/07/2020;29/10/2020;Peatón
Masculino;28;15:30;30/10/2020;30/10/2020;Motociclista
Masculino;19;18:00;29/10/2020;31/10/2020;Ciclista
Femenino;48;9:17;24/10/2020;31/10/2020;Pasajero de Auto
Masculino;49;18:30;13/06/2020;1/11/2020;Peatón
Masculino;41;19:00;2/11/2020;2/11/2020;Motociclista
Masculino;42;21:00;24/10/2020;2/11/2020;Ciclista
Masculino;21;13:15;3/11/2020;3/11/2020;Motociclista
Femenino;83;8:59;29/10/2020;3/11/2020;Peatón
Masculino;84;9:30;27/10/2020;4/11/2020;Peatón
Masculino;28;.;9/10/2020;4/11/2020;Peatón
Masculino;34;11:10;5/11/2020;5/11/2020;Motociclista
Masculino;20;11:10;5/11/2020;5/11/2020;Motociclista
Femenino;78;12:45;5/11/2020;7/11/2020;Peatón
Masculino;61;15:50;10/11/2020;10/11/2020;Motociclista
Masculino;27;.;9/11/2020;12/11/2020;Motociclista
Masculino;24;19:30;23/07/2020;12/11/2020;Motociclista
Masculino;29;1:20;14/11/2020;14/11/2020;Motociclista
Masculino;80;.;13/11/2020;14/11/2020;Peatón
Femenino;41;9:30;14/11/2020;15/11/2020;Peatón
Masculino;56;.;31/10/2020;15/11/2020;Peatón
Masculino;62;1:34;17/11/2020;17/11/2020;Peatón
Masculino;53;16:55;18/11/2020;18/11/2020;Ciclista
Femenino;45;20:00;15/11/2020;18/11/2020;Peatón
Masculino;34;11:19;15/03/2020;18/11/2020;Motociclista
Masculino;59;6:30;20/11/2020;20/11/2020;Motociclista
Masculino;28;.;19/10/2020;20/11/2020;Peatón
Masculino;38;14:23;21/11/2020;21/11/2020;Peatón
Masculino;34;20:50;21/11/2020;22/11/2020;Motociclista
Femenino;62;.;17/11/2020;22/11/2020;Peatón
Masculino;52;4:30;23/11/2020;23/11/2020;Ciclista
Masculino;67;7:11;23/11/2020;23/11/2020;Peatón
Masculino;64;.;23/11/2020;23/11/2020;Motociclista
Masculino;64;21:20;21/11/2020;23/11/2020;Peatón
Masculino;59;.;24/11/2020;24/11/2020;Peatón
Masculino;80;13:50;27/11/2020;27/11/2020;Peatón
Masculino;48;.;27/11/2020;27/11/2020;Peatón
Femenino;65;10:34;28/11/2020;28/11/2020;Peatón
Masculino;57;4:40;29/11/2020;29/11/2020;Motociclista
Masculino;27;16:00;4/11/2020;29/11/2020;Motociclista
Masculino;32;14:23;21/11/2020;1/12/2020;Motociclista
Masculino;75;11:30;2/12/2020;2/12/2020;Ciclista
Masculino;22;23:10;25/11/2020;3/12/2020;Motociclista
Masculino;29;5:50;5/12/2020;5/12/2020;Motociclista
Masculino;72;10:30;5/12/2020;5/12/2020;Ciclista
Masculino;18;23:30;4/12/2020;5/12/2020;Motociclista
Femenino;26;.;30/11/2020;5/12/2020;Motociclista
Masculino;22;3:30;6/12/2020;6/12/2020;Parrillero
Masculino;25;13:50;6/12/2020;6/12/2020;Motociclista
Masculino;58;17:00;6/12/2020;6/12/2020;Motociclista
Femenino;32;8:50;7/12/2020;7/12/2020;Motociclista
Masculino;22;.;.;8/12/2020;Sin dato
Masculino;22;23:50;8/12/2020;8/12/2020;Motociclista
Masculino;64;8:40;7/12/2020;8/12/2020;Ciclista
Masculino;14;21:50;10/12/2020;10/12/2020;Peatón
Masculino;56;5:00;11/12/2020;11/12/2020;Ciclista
Masculino;51;18:25;12/12/2020;12/12/2020;Peatón
Masculino;26;.;14/12/2020;15/12/2020;Motociclista
Femenino;45;14:50;16/12/2020;16/12/2020;Peatón
Masculino;73;9:50;18/12/2020;18/12/2020;Peatón
Femenino;25;5:50;19/12/2020;19/12/2020;Motociclista
Masculino;47;23:00;19/12/2020;19/12/2020;Parrillero
Femenino;26;20:27;19/12/2020;19/12/2020;Parrillero
Masculino;56;13:50;17/12/2020;19/12/2020;Peatón
Masculino;66;.;2/12/2020;20/12/2020;Motociclista
Masculino;47;.;13/12/2020;22/12/2020;Peatón
Femenino;55;.;23/12/2020;23/12/2020;Parrillero
Masculino;34;.;18/12/2020;23/12/2020;Peatón
Masculino;21;18:15;16/12/2020;23/12/2020;Ciclista
Masculino;60;11:00;12/12/2020;24/12/2020;Peatón
Femenino;22;22:10;26/12/2020;26/12/2020;Motociclista
Masculino;57;1:10;7/12/2020;26/12/2020;Peatón
Masculino;71;.;27/12/2020;27/12/2020;Peatón
Masculino;25;21:55;29/12/2020;29/12/2020;Motociclista
Masculino;63;7:20;30/12/2020;30/12/2020;Peatón
Masculino;70;11:35;31/12/2020;31/12/2020;Ciclista
Masculino;29;.;31/12/2020;31/12/2020;Motociclista
Masculino;64;.;31/12/2020;31/12/2020;Sin dato
Masculino;78;21:30;27/12/2020;31/12/2020;Peatón
Masculino;75;20:20;17/12/2020;1/01/2021;Peatón
Masculino;34;22:20;2/01/2021;2/01/2021;Motociclista
Masculino;79;.;18/12/2020;2/01/2021;Peatón
Femenino;62;15:20;4/12/2020;5/01/2021;Pasajero de Auto
Masculino;60;18:15;8/01/2021;8/01/2021;Peatón
Femenino;55;7:10;16/12/2020;8/01/2021;Parrillero
Masculino;44;13:50;8/11/2020;8/01/2021;Motociclista
Femenino;34;.;10/01/2021;10/01/2021;Peatón
Masculino;26;11:05;11/01/2021;11/01/2021;Motociclista
Masculino;23;21:40;10/01/2021;11/01/2021;Motociclista
Masculino;17;22:05;14/01/2021;15/01/2021;Ciclista
Masculino;53;22:10;18/01/2021;18/01/2021;Peatón
Femenino;60;17:10;3/01/2021;20/01/2021;Pasajero de Auto
Masculino;40;.;.;21/01/2021;Sin dato
Masculino;27;21:45;11/01/2021;23/01/2021;Peatón
Masculino;63;15:30;24/01/2021;24/01/2021;Peatón
Masculino;28;.;4/01/2021;28/01/2021;Motociclista
Masculino;83;20:00;14/12/2020;28/01/2021;Peatón
Masculino;55;21:00;28/01/2021;30/01/2021;Peatón
Masculino;26;.;21/01/2021;31/01/2021;Motociclista
Masculino;56;19:30;28/01/2021;1/02/2021;Peatón
Masculino;49;.;22/01/2021;1/02/2021;Peatón
Masculino;28;0:58;3/02/2021;3/02/2021;Ciclista
Masculino;81;5:30;2/02/2021;6/02/2021;Peatón
Masculino;45;.;27/01/2021;8/02/2021;Motociclista
Masculino;73;9:00;6/02/2021;9/02/2021;Ciclista
Masculino;34;.;10/02/2021;10/02/2021;Motociclista
Masculino;76;12:20;18/12/2020;10/02/2021;Peatón
Masculino;44;5:08;11/02/2021;11/02/2021;Peatón
Masculino;21;5:50;12/02/2021;12/02/2021;Peatón
Masculino;28;7:35;11/02/2021;12/02/2021;Motociclista
Masculino;66;0:00;15/02/2021;15/02/2021;Motociclista
Masculino;73;19:30;15/02/2021;15/02/2021;Peatón
Masculino;54;.;20/01/2021;16/02/2021;Motociclista
Masculino;26;23:30;16/02/2021;17/02/2021;Peatón
Masculino;57;.;11/02/2021;17/02/2021;Motociclista
Masculino;66;17:40;17/02/2021;18/02/2021;Peatón
Masculino;53;19:20;19/02/2021;20/02/2021;Peatón
Masculino;40;.;13/02/2021;20/02/2021;Motociclista
Masculino;50;5:15;21/02/2021;21/02/2021;Peatón
Masculino;51;14:55;21/02/2021;21/02/2021;Motociclista
Masculino;20;22:09;22/02/2021;22/02/2021;Motociclista
Masculino;21;12:40;14/02/2021;22/02/2021;Motociclista
Femenino;49;13:36;19/01/2021;23/02/2021;Motociclista
Masculino;60;.;.;28/02/2021;Peatón
Femenino;2M;13:20;5/03/2021;5/03/2021;Parrillero
Masculino;23;0:12;11/03/2021;11/03/2021;Motociclista
Femenino;44;1:15;14/03/2021;14/03/2021;Motociclista
Masculino;66;19:00;14/03/2021;14/03/2021;Peatón
Masculino;56;6:10;16/03/2021;16/03/2021;Ciclista
Masculino;35;7:56;19/03/2021;19/03/2021;Motociclista
Masculino;23;3:00;22/03/2021;22/03/2021;Motociclista
Masculino;22;17:15;22/03/2021;22/03/2021;Motociclista
Masculino;59;.;22/03/2021;22/03/2021;Peatón
Femenino;69;1:00;21/03/2021;23/03/2021;Peatón
Femenino;64;7:10;27/03/2021;27/03/2021;Peatón
Masculino;73;17:00;26/03/2021;27/03/2021;Peatón
Masculino;80;12:10;13/03/2021;27/03/2021;Peatón
Masculino;26;.;28/03/2021;30/03/2021;Motociclista
Femenino;15;22:50;1/04/2021;1/04/2021;Motociclista
Masculino;20;14:00;2/04/2021;3/04/2021;Peatón
Masculino;19;21:45;7/04/2022;7/04/2021;Motociclista
Masculino;35;22:45;8/04/2021;8/04/2021;Motociclista
Masculino;44;19:35;9/04/2021;9/04/2021;Peatón
Femenino;20;7:55;10/04/2021;10/04/2021;Motociclista
Femenino;24;5:55;10/04/2021;10/04/2021;Peatón
Femenino;15;16:50;11/04/2021;11/04/2021;Parrillero
Masculino;16;16:50;11/04/2021;11/04/2021;Motociclista
Masculino;82;18:45;11/04/2021;11/04/2021;Peatón
Masculino;51;5:30;21/02/2021;12/04/2021;Motociclista
Masculino;23;12:10;14/04/2021;14/04/2021;Peatón
Masculino;26;.;.;16/04/2021;Pasajero de Auto
Masculino;46;20:40;17/04/2021;17/04/2021;Motociclista
Femenino;80;18:30;31/03/2021;18/04/2021;Peatón
Masculino;79;7:15;20/04/2021;20/04/2021;Peatón
Masculino;45;.;27/04/2021;27/04/2021;Peatón
Masculino;93;9:20;25/04/2021;27/04/2021;Peatón
Femenino;90;19:30;22/04/2021;1/05/2021;Peatón
Femenino;30;.;8/05/2021;8/05/2021;Pasajero de Auto
Masculino;25;0:30;9/05/2021;9/05/2021;Motociclista
Masculino;76;10:20;11/05/2021;11/05/2021;Ciclista
Masculino;41;3:40;16/05/2021;16/05/2021;Motociclista
Femenino;17;15:20;16/05/2021;16/05/2021;ciclista
Masculino;51;23:00;15/05/2021;16/05/2021;Pasajero de Auto
Masculino;50;21:00;9/05/2021;16/05/2021;Peatón
Femenino;58;9:30;17/05/2021;17/05/2021;Parrillero
Masculino;82;.;19/05/2021;19/05/2021;Peatón
Masculino;24;20:53;21/05/2021;21/05/2021;Motociclista
Masculino;39;.;21/05/2021;21/05/2021;Motociclista
Masculino;32;3:45;22/05/2021;24/05/2021;Motociclista
Masculino;25;16:40;23/05/2021;26/05/2021;Motociclista
Masculino;39;.;28/05/2021;29/05/2021;Motociclista
Femenino;86;8:30;30/05/2021;30/05/2021;Peatón
Masculino;29;19:40;30/05/2021;30/05/2021;Motociclista
Masculino;73;0:50;31/05/2021;31/05/2021;Peatón
Masculino;17;1:30;3/06/2021;3/06/2021;Peatón
Femenino;19;9:30;3/06/2021;3/06/2021;Parrillero
Femenino;45;13:28;5/06/2021;5/06/2021;Parrillero
Masculino;18;.;6/06/2021;6/06/2021;Motociclista
Masculino;27;17:00;6/06/2021;9/06/2021;Ciclista
Masculino;62;8:50;12/06/2021;12/06/2021;Peatón
Masculino;75;.;10/06/2021;12/06/2021;Peatón
Masculino;53;19:00;18/01/2021;12/06/2021;Motociclista
Masculino;17;2:00;13/06/2021;13/06/2021;Motociclista
Masculino;19;2:00;13/06/2021;14/06/2021;Motociclista
Masculino;57;19:00;16/06/2021;16/06/2021;Peatón
Masculino;55;17:50;17/06/2021;17/06/2021;Motociclista
Masculino;61;23:00;19/06/2021;19/06/2021;Motociclista
Masculino;30;.;.;20/06/2021;Motociclista
Masculino;27;3:00;20/06/2021;20/06/2021;Motociclista
Masculino;75;8:00;17/06/2021;20/06/2021;Peatón
Masculino;80;11:30;12/06/2021;20/06/2021;Ciclista
Masculino;21;17:30;6/06/2021;20/06/2021;Motociclista
Masculino;54;0:45;21/06/2021;21/06/2021;Motociclista
Femenino;23;1:00;21/06/2021;21/06/2021;Motociclista
Masculino;37;5:30;21/06/2021;21/06/2021;Peatón
Masculino;80;.;18/06/2021;21/06/2021;Peatón
Femenino;27;16:11;19/06/2021;22/06/2021;Parrillero
Masculino;70;12:10;18/06/2021;22/06/2021;Peatón
Masculino;44;.;21/06/2021;23/06/2021;Peatón
Masculino;74;.;15/06/2021;23/06/2021;Peatón
Masculino;81;3:30;19/06/2021;24/06/2021;Peatón
Masculino;83;8:30;18/06/2021;24/06/2021;Peatón
Masculino;39;18:00;17/06/2021;24/06/2021;Motociclista
Masculino;29;20:20;26/06/2021;26/06/2021;Motociclista
Masculino;64;13:15;27/06/2021;27/06/2021;Peatón
Femenino;27;.;18/06/2021;28/06/2021;Motociclista
Masculino;81;11:24;29/06/2021;29/06/2021;Ciclista
Masculino;63;.;23/06/2021;29/06/2021;Conductor
Masculino;75;.;26/06/2021;30/06/2021;Peatón
Masculino;67;12:25;27/06/2021;1/07/2021;Ciclista
Masculino;74;8:20;29/06/2021;3/07/2021;Peatón
Femenino;51;.;6/03/2021;5/07/2021;Peatón
Femenino;41;.;2/07/2021;7/07/2021;Parrillero
Femenino;24;19:15;30/06/2021;7/07/2021;Motociclista
Masculino;52;22:30;13/07/2021;13/07/2021;Motociclista
Femenino;13;21:00;13/07/2021;13/07/2021;Parrillero
Masculino;34;23:14;12/07/2021;13/07/2021;Peatón
Masculino;80;10:00;11/07/2021;13/07/2021;Peatón
Masculino;79;19:07;14/07/2021;14/07/2021;Peatón
Masculino;66;10:30;14/07/2021;14/07/2021;Peatón
Masculino;29;19:42;12/07/2021;14/07/2021;Motociclista
Masculino;37;10:30;15/07/2021;15/07/2021;Peatón
Femenino;40;16:45;19/07/2021;19/07/2021;Parrillero
Masculino;19;12:05;20/07/2021;20/07/2021;Motociclista
Femenino;45;8:30;10/07/2021;21/07/2021;Peatón
Masculino;44;.;23/07/2021;23/07/2021;Peatón
Masculino;32;4:50;25/07/2021;25/07/2021;Conductor
Masculino;28;21:50;25/07/2021;25/07/2021;Ciclista
Femenino;70;15:30;19/07/2021;25/07/2021;Peatón
Masculino;60;8:25;26/07/2021;26/07/2021;Peatón
Masculino;30;6:33;27/07/2021;27/07/2021;Motociclista
Masculino;45;21:30;15/07/2021;27/07/2021;Motociclista
Masculino;25;3:00;30/07/2021;30/07/2021;Motociclista
Femenino;26;8:35;30/07/2021;30/07/2021;Motociclista
Masculino;34;23:05;31/07/2021;31/07/2021;Peatón
Masculino;41;22:30;31/07/2021;31/07/2021;Motociclista
Masculino;20;16:06;1/08/2021;1/08/2021;Motociclista
Masculino;49;2:06;1/08/2021;1/08/2021;Motociclista
Masculino;34;23:35;1/08/2021;1/08/2021;Motociclista
Masculino;79;13:05;31/07/2021;1/08/2021;Ciclista
Masculino;65;20:45;31/07/2021;1/08/2021;Peatón
Masculino;81;16:50;31/07/2021;1/08/2021;Peatón
Masculino;84;9:41;30/07/2021;1/08/2021;Peatón
Masculino;45;2:04;2/08/2021;2/08/2021;Motociclista
Femenino;70;14:00;28/07/2021;2/08/2021;Parrillero
Masculino;75;7:25;3/08/2021;3/08/2021;Pasajero de Auto
Masculino;23;21:00;3/08/2021;3/08/2021;Motociclista
Masculino;31;.;26/07/2021;3/08/2021;Sin dato
Masculino;21;21:30;2/08/2021;4/08/2021;Motociclista
Masculino;24;21:50;6/08/2021;6/08/2021;Motociclista
Masculino;56;.;6/08/2021;7/08/2021;Peatón
Masculino;31;23:35;1/08/2021;7/08/2021;Motociclista
Masculino;27;23:35;1/08/2021;7/08/2021;Parrillero
Masculino;50;6:03;9/08/2021;9/08/2021;Peatón
Masculino;46;20:30;10/08/2021;10/08/2021;Peatón
Femenino;59;11:45;11/08/2021;11/08/2021;Pasajero de Auto
Masculino;76;.;15/07/2021;11/08/2021;Peatón
Masculino;30;3:00;15/08/2021;16/08/2021;Conductor
Femenino;22;16:40;18/08/2021;18/08/2021;Motociclista
Femenino;48;0:05;20/08/2021;20/08/2021;Peatón
Masculino;37;5:10;22/08/2021;22/08/2021;Motociclista
Masculino;67;20:20;28/08/2021;28/08/2021;Conductor
Masculino;24;4:00;29/08/2021;29/08/2021;Motociclista
Masculino;49;.;29/08/2021;29/08/2021;Motociclista
Masculino;70;.;30/08/2021;30/08/2021;Ciclista
Femenino;57;18:35;19/08/2021;31/08/2021;Parrillero
Masculino;25;15:10;1/09/2021;1/09/2021;Peatón
Masculino;14;19:00;1/09/2021;3/09/2021;Motociclista
Masculino;47;4:30;5/09/2021;5/09/2021;Peatón
Masculino;74;.;31/08/2021;5/09/2021;Peatón
Masculino;19;19:40;5/09/2021;6/09/2021;Motociclista
Masculino;76;18:00;5/09/2021;7/09/2021;Peatón
Femenino;26;0:25;9/09/2021;9/09/2021;Motociclista
Masculino;22;13:45;9/09/2021;9/09/2021;Motociclista
Masculino;72;10:00;4/09/2021;10/09/2021;Ciclista
Masculino;46;18:50;11/09/2021;11/09/2021;Peatón
Masculino;24;.;12/09/2021;12/09/2021;Motociclista
Femenino;33;9:30;13/09/2021;13/09/2021;Parrillero
Masculino;29;20:30;16/09/2021;14/09/2021;Peatón
Masculino;18;4:50;14/09/2021;14/09/2021;Motociclista
Masculino;36;13:45;13/09/2021;14/09/2021;Ciclista
Masculino;50;23:55;11/09/2021;15/09/2021;Motociclista
Masculino;26;19:00;1/09/2021;15/09/2021;Motociclista
Masculino;28;16:32;16/09/2021;16/09/2021;Conductor
Masculino;63;13:00;9/08/2021;17/09/2021;Peatón
Masculino;44;.;9/08/2021;17/09/2021;Motociclista
Masculino;74;.;13/09/2021;18/09/2021;Peatón
Masculino;60;18:40;27/08/2021;19/09/2021;Ciclista
Masculino;54;21:15;18/09/2021;20/09/2021;Ciclista
Masculino;24;18:10;21/09/2021;21/09/2021;Peatón
Masculino;46;.;21/09/2021;21/09/2021;Peatón
Femenino;64;11:40;17/09/2021;23/09/2021;Peatón
Masculino;81;.;3/09/2021;25/09/2021;Peatón
Masculino;20;9:40;27/09/2021;27/09/2021;Motociclista
Masculino;38;2:00;2/10/2021;2/10/2021;Motociclista
Masculino;20;19:30;3/10/2021;3/10/2021;Motociclista
Masculino;77;19:00;4/10/2021;4/10/2021;Peatón
Masculino;77;11:15;5/10/2021;5/10/2021;Ciclista
Masculino;33;6:10;6/10/2021;6/10/2021;Motociclista
Masculino;20;17:25;6/10/2021;6/10/2021;Motociclista
Masculino;52;.;4/10/2021;8/10/2021;Peatón
Masculino;77;12:00;9/10/2021;9/10/2021;Peatón
Masculino;41;1:25;15/10/2021;15/10/2021;Motociclista
Masculino;58;1:25;15/10/2021;15/10/2021;Ciclista
Masculino;52;12:13;15/10/2021;15/10/2021;Motociclista
Masculino;38;13:15;15/10/2021;15/10/2021;Ciclista
Masculino;31;.;17/10/2021;17/10/2021;Motociclista
Masculino;73;19:00;18/10/2021;18/10/2021;Motociclista
Masculino;20;15:35;19/10/2021;19/10/2021;Motociclista
Femenino;48;13:40;19/10/2021;19/10/2021;Motociclista
Femenino;22;19:00;6/10/2021;19/10/2021;Motociclista
Femenino;25;11:20;20/10/2021;20/10/2021;Motociclista
Femenino;66;9:30;17/09/2021;21/10/2021;Peatón
Masculino;77;.;23/09/2021;23/10/2021;Peatón
Masculino;36;4:50;24/10/2021;24/10/2021;Peatón
Masculino;54;.;23/10/2021;24/10/2021;Peatón
Femenino;59;.;27/10/2021;28/10/2021;Peatón
Masculino;54;23:30;29/10/2021;29/10/2021;Motociclista
Masculino;18;1:30;30/10/2021;30/10/2021;Motociclista
Masculino;54;6:30;30/10/2021;30/10/2021;Ciclista
Masculino;26;22:30;31/10/2021;31/10/2021;Motociclista
Femenino;24;18:55;31/10/2021;31/10/2021;Motociclista
Masculino;30;3:20;1/11/2021;1/11/2021;Motociclista
Masculino;29;5:40;1/11/2021;1/11/2021;Motociclista
Masculino;24;7:50;3/10/2021;2/11/2021;Peatón
Masculino;59;.;17/09/2021;5/11/2021;Motociclista
Masculino;61;.;16/10/2021;7/11/2021;Motociclista
Masculino;63;1:30;31/10/2021;12/11/2021;Ciclista
Masculino;23;2:50;14/11/2021;14/11/2021;Motociclista
Masculino;31;3:00;14/10/2021;16/11/2021;Motociclista
Masculino;44;11:40;17/11/2021;17/11/2021;Motociclista
Masculino;36;14:50;17/11/2021;17/11/2021;Motociclista
Masculino;58;.;17/11/2021;17/11/2021;Motociclista
Masculino;20;1:20;19/11/2021;19/11/2021;Motociclista
Masculino;82;.;18/11/2021;19/11/2021;Peatón
Masculino;14;21:30;21/11/2021;21/11/2021;Motociclista
Masculino;43;.;20/09/2021;23/11/2021;Peatón
Masculino;69;17:30;26/11/2021;28/11/2021;Motociclista
Masculino;73;14:00;29/11/2021;29/11/2021;Ciclista
Masculino;24;12:30;27/11/2021;29/11/2021;Motociclista
Masculino;35-45;5:10;30/11/2021;30/11/2021;Peatón
Masculino;71;19:50;30/11/2021;30/11/2021;Peatón
Masculino;28;.;3/12/2021;5/12/2021;Motociclista
Masculino;17;22:45;6/12/2021;6/12/2021;Motociclista
Masculino;36;8:20;6/12/2021;6/12/2021;Parrillero
Masculino;27;3:30;7/12/2021;7/12/2021;Motociclista
Masculino;63;9:30;7/12/2021;7/12/2021;Peatón
Masculino;31;9:05;7/12/2021;7/12/2021;Ciclista
Masculino;79;7:50;7/12/2021;7/12/2021;Peatón
Masculino;50;2:30;28/11/2021;7/12/2021;Motociclista
Femenino;60;15:40;7/12/2021;9/12/2021;Peatón
Masculino;17;0:05;14/11/2021;11/12/2021;Motociclista
Femenino;55;13:00;23/08/2021;11/12/2021;Peatón
Masculino;66;3:50;12/12/2021;12/12/2021;Peatón
Masculino;60;6:30;28/11/2021;12/12/2021;Peatón
Masculino;20;23:50;13/12/2021;14/12/2021;Motociclista
Masculino;65;20:40;30/10/2021;16/12/2021;Peatón
Femenino;62;19:15;17/12/2021;17/12/2021;Peatón
Femenino;29;18:03;17/12/2021;17/12/2021;Peatón
Masculino;65;.;17/12/2021;17/12/2021;Motociclista
Masculino;28;19:10;18/12/2021;18/12/2021;Motociclista
Femenino;24;3:30;19/12/2021;19/12/2021;Peatón
Masculino;44;10:30;19/12/2021;19/12/2021;Motociclista
Masculino;60;3:38;20/12/2021;20/12/2021;Motociclista
Masculino;18;0:15;20/12/2021;20/12/2021;Sin dato
Masculino;30;6:00;14/12/2021;21/12/2021;Motociclista
Masculino;81;22:00;22/12/2021;23/12/2021;Peatón
Masculino;33;3:45;24/12/2021;24/12/2021;Motociclista
Masculino;41;1:30;21/12/2021;24/12/2021;Sin dato
Masculino;31;8:27;25/12/2021;25/12/2021;Motociclista
Masculino;56;0:20;23/12/2021;25/12/2021;Peatón
Masculino;69;.;13/11/2021;26/12/2021;Peatón
Femenino;67;.;26/12/2021;27/12/2021;Sin dato
Masculino;27;.;.;28/12/2021;Motociclista
Masculino;19;8:00;30/12/2021;30/12/2021;Ciclista
Femenino;17;0:20;31/12/2021;31/12/2021;Parrillero
Femenino;28;.;.;1/01/2022;Peatón
Masculino;58;23:25;2/01/2022;2/01/2022;Peatón
Masculino;40;21:40;8/12/2021;4/01/2022;Motociclista
Masculino;45;5:10;6/01/2022;6/01/2022;Conductor
Masculino;87;17:00;22/12/2021;6/01/2022;Peatón
Masculino;67;.;18/12/2021;8/01/2022;Peatón
Masculino;80;.;14/09/2021;8/01/2022;Peatón
Femenino;67;12:30;9/01/2022;9/01/2022;Parrillero
Masculino;57;12:30;9/01/2022;10/01/2022;Motociclista
Femenino;55;8:40;4/01/2022;11/01/2022;Peatón
Masculino;29;.;.;13/01/2022;Motociclista
Masculino;77;18:34;6/01/2022;14/01/2022;Peatón
Masculino;42;21:50;15/01/2022;15/01/2022;Motociclista
Masculino;70;.;15/01/2022;15/01/2022;Peatón
Masculino;54;.;14/01/2022;15/01/2022;Parrillero
Masculino;42;.;14/01/2022;16/01/2022;Motociclista
Masculino;76;8:20;17/01/2022;17/01/2022;Peatón
Masculino;23;8:10;19/01/2022;19/01/2022;Motociclista
Masculino;76;11:30;10/01/2022;19/01/2022;Peatón
Masculino;75;11:50;20/01/2022;20/01/2022;Peatón
Masculino;19;10:50;26/01/2022;26/01/2022;Motociclista
Masculino;23;3:00;24/01/2022;26/01/2022;Motociclista
Masculino;61;17:29;26/01/2022;29/01/2022;Motociclista
Masculino;64;9:01;29/01/2022;31/01/2022;Pasajero de Auto
Femenino;29;16:15;28/01/2022;2/02/2022;Motociclista
Masculino;23;13:30;4/02/2022;4/02/2022;Peatón
Masculino;43;3:00;30/01/2022;5/02/2022;Motociclista
Masculino;21;.;28/01/2022;6/02/2022;Motociclista
Masculino;79;22:20;5/02/2022;9/02/2022;Peatón
Masculino;57;19:03;11/02/2022;11/02/2022;Motociclista
Femenino;54;12:05;9/02/2022;11/02/2022;Peatón
Femenino;79;19:00;12/02/2022;12/02/2022;Peatón
Masculino;31;14:30;13/02/2022;13/02/2022;Motociclista
Masculino;32;8:30;14/02/2022;14/02/2022;Motociclista
Femenino;65;9:00;29/01/2022;17/02/2022;Pasajero de Auto
Masculino;43;21:00;18/02/2022;18/02/2022;Motociclista
Masculino;55;.;18/02/2022;18/02/2022;Peatón
Masculino;51;9:30;9/11/2021;19/02/2022;Motociclista
Masculino;43;1:25;20/02/2022;20/02/2022;Motociclista
Masculino;20;0:35;21/02/2022;21/02/2022;Motociclista
Masculino;60;.;20/02/2022;22/02/2022;Peatón
Masculino;27;12:15;24/02/2022;24/02/2022;Motociclista
Masculino;30;14:20;25/05/2022;25/02/2022;Motociclista
Masculino;22;18:00;25/02/2022;25/02/2022;Motociclista
Femenino;28;7:00;26/02/2022;26/02/2022;Ciclista
Masculino;62;9:20;27/02/2022;27/02/2022;Ciclista
Femenino;35;13:30;1/03/2022;1/03/2022;Motociclista
Masculino;30;0:20;6/03/2022;6/03/2022;Peatón
Masculino;50;.;8/03/2022;9/03/2022;Peatón
Masculino;20;21:20;17/03/2022;17/03/2022;Motociclista
Masculino;17;10:30;23/03/2022;23/03/2022;Motociclista
Masculino;40;19:50;23/03/2022;23/03/2022;Peatón
Masculino;27;2:55;21/03/2022;23/03/2022;Motociclista
Masculino;72;5:40;16/03/2022;23/03/2022;Ciclista
Femenino;22;23:45;24/03/2022;25/03/2022;Parrillero
Masculino;.;.;7/02/2022;25/03/2022;Motociclista
Masculino;67;21:00;26/03/2022;26/03/2022;Ciclista
Masculino;42;22:20;26/03/2022;26/03/2022;Peatón
Masculino;60;5:00;29/03/2022;29/03/2022;Peatón
Femenino;35;12:00;1/04/2022;1/04/2022;Parrillero
Femenino;77;.;23/03/2022;1/04/2022;Peatón
Masculino;36;3:35;3/04/2022;3/04/2022;Motociclista
Masculino;28;14:00;27/03/2022;3/04/2022;Peatón
Masculino;26;1:30;3/04/2022;4/04/2022;Motociclista
Masculino;75;14:30;12/03/2022;6/04/2022;Peatón
Femenino;67;17:20;8/04/2022;8/04/2022;Peatón
Masculino;27;4:45;9/04/2022;9/04/2022;Motociclista
Masculino;25;23:03;10/04/2022;10/04/2022;Motociclista
Masculino;36;6:00;12/04/2022;12/04/2022;Motociclista
Femenino;60;.;6/04/2022;12/04/2022;Peatón
Masculino;55;4:33;11/04/2022;13/04/2022;Conductor
Masculino;57;.;10/04/2022;13/04/2022;Peatón
Masculino;59;23:34;13/04/2022;14/04/2022;Motociclista
Masculino;22;20:30;10/03/2022;15/04/2022;Motociclista
Masculino;28;18:00;18/04/2022;18/04/2022;Motociclista
Masculino;50;7:30;25/03/2022;22/04/2022;Ciclista
Masculino;46;3:15;23/04/2022;23/04/2022;Motociclista
Femenino;19;3:00;24/04/2022;24/04/2022;Parrillero
Masculino;44;0:10;25/04/2022;25/04/2022;Peatón
Masculino;62;21:10;26/04/2022;26/04/2022;Peatón
Masculino;26;12:55;27/04/2022;27/04/2022;Motociclista
Masculino;89;16:00;25/04/2022;27/04/2022;Peatón
Masculino;28;10:05;29/04/2022;29/04/2022;Peatón
Masculino;68;6:30;16/03/2022;29/04/2022;Peatón
Masculino;21;17:47;30/04/2022;30/04/2022;Motociclista
Masculino;34;18:45;1/05/2022;1/05/2022;Motociclista
Femenino;37;15:00;2/05/2022;2/05/2022;Parrillero
Masculino;46;23:28;24/02/2022;2/05/2022;Motociclista
Femenino;44;6:00;5/05/2022;5/05/2022;Motociclista
Masculino;68;10:40;6/05/2022;6/05/2022;Peatón
Masculino;72;2:50;8/05/2022;8/05/2022;Motociclista
Masculino;31;6:30;8/05/2022;8/05/2022;Motociclista
Masculino;33;.;8/05/2022;8/05/2022;Motociclista
Femenino;29;7:49;10/05/2022;10/05/2022;Pasajero de Auto
Masculino;84;13:20;10/05/2022;12/05/2022;Peatón
Masculino;69;16:00;12/05/2022;15/05/2022;Motociclista
Masculino;59;19:30;10/05/2022;15/05/2022;Motociclista
Masculino;38;15:00;15/05/2022;16/05/2022;Motociclista
Masculino;55;5:15;15/05/2022;17/05/2022;Ciclista
Femenino;62;18:45;15/05/2022;17/05/2022;Peatón
Femenino;30;12:01;18/05/2022;18/05/2022;Motociclista
Masculino;77;10:30;15/05/2022;18/05/2022;Peatón
Masculino;71;.;21/05/2022;22/05/2022;Ciclista
Femenino;83;15:00;24/05/2022;24/05/2022;Peatón
Masculino;25;2:20;22/05/2022;24/05/2022;Motociclista
Femenino;29;7:23;25/05/2022;25/05/2022;Parrillero
Masculino;64;17:00;6/05/2022;25/05/2022;Peatón
Masculino;27;4:30;29/05/2022;29/05/2022;Motociclista
Masculino;73;16:00;30/05/2022;31/05/2022;Peatón
Masculino;68;17:55;1/06/2022;1/06/2022;Peatón
Masculino;65;20:25;30/05/2022;1/06/2022;Motociclista
Masculino;40;2:00;23/04/2022;2/06/2022;Motociclista
Masculino;34;10:10;5/06/2022;5/06/2022;Motociclista
Masculino;26;.;29/05/2022;7/06/2022;Motociclista
Masculino;58;22:40;6/03/2022;7/06/2022;Motociclista
Femenino;84;17:15;9/06/2022;9/06/2022;Peatón
Femenino;19;11:50;1/06/2022;10/06/2022;Parrillero
Femenino;74;23:30;10/06/2022;11/06/2022;Peatón
Masculino;22;6:00;12/06/2022;12/06/2022;Motociclista
Masculino;57;.;10/06/2022;12/06/2022;Ciclista
Masculino;16;.;25/04/2022;12/06/2022;Motociclista
Masculino;17;21:00;14/06/2022;14/06/2022;Motociclista
Femenino;89;8:30;13/04/2022;14/06/2022;Peatón
Masculino;29;.;13/06/2022;16/06/2022;Motociclista
Masculino;69;.;14/06/2022;17/06/2022;Ciclista
Masculino;63;23:33;11/06/2022;17/06/2022;Peatón
Masculino;47;23:36;19/06/2022;19/06/2022;Motociclista
Masculino;78;12:45;21/06/2022;21/06/2022;Conductor
Masculino;51;16:05;21/06/2022;21/06/2022;Motociclista
Masculino;50;16:50;26/06/2022;26/06/2022;Motociclista
Masculino;25;18:25;28/06/2022;28/06/2022;Motociclista
Masculino;56;8:00;14/05/2022;28/06/2022;Peatón
Masculino;64;.;18/02/2022;28/06/2022;Peatón
Femenino;20;1:30;24/06/2022;30/06/2022;Parrillero
Masculino;42;1:10;1/07/2022;1/07/2022;Motociclista
Masculino;34;1:10;1/07/2022;1/07/2022;Motociclista
Masculino;69;16:15;1/07/2022;1/07/2022;Motociclista
Masculino;38;18:50;5/07/2022;5/07/2022;Motociclista
Masculino;61;19:40;2/07/2022;5/07/2022;Peatón
Femenino;63;20:20;22/06/2022;5/07/2022;Peatón
Masculino;52;0:25;5/07/2022;7/07/2022;Motociclista
Masculino;19;16:30;5/07/2022;7/07/2022;Motociclista
Femenino;23;2:00;9/07/2022;9/07/2022;Parrillero
Masculino;64;.;10/07/2022;10/07/2022;Peatón
Masculino;19;12:50;8/07/2022;10/07/2022;Motociclista
Masculino;83;17:43;12/07/2022;12/07/2022;Peatón
Masculino;21;10:25;11/07/2022;12/07/2022;Motociclista
Femenino;22;1:29;11/07/2022;12/07/2022;Motociclista
Masculino;74;11:40;29/06/2022;12/07/2022;Peatón
Femenino;21;10:20;12/07/2022;13/07/2022;Motociclista
Femenino;24;17:00;16/07/2022;16/07/2022;Parrillero
Masculino;78;20:30;16/07/2022;17/07/2022;Peatón
Masculino;29;12:00;16/07/2022;18/07/2022;Motociclista
Masculino;62;10:59;17/06/2022;18/07/2022;Peatón
Masculino;38;9:45;20/07/2022;20/07/2022;Peatón
Masculino;24;23:00;22/07/2022;22/07/2022;Parrillero
Masculino;21;3:15;22/07/2022;22/07/2022;Parrillero
Femenino;60;10:58;23/07/2022;23/07/2022;Parrillero
Masculino;59;22:36;19/07/2022;23/07/2022;Ciclista
Masculino;22;2:55;24/07/2022;24/07/2022;Motociclista
Masculino;31;3:25;20/07/2022;24/07/2022;Motociclista
Femenino;27;14:30;25/07/2022;25/07/2022;Motociclista
Masculino;61;6:00;20/07/2022;25/07/2022;Peatón
Masculino;20;2:55;24/07/2022;26/07/2022;Parrillero
Femenino;71;.;27/05/2022;26/07/2022;Peatón
Masculino;81;.;21/07/2022;28/07/2022;Peatón
Masculino;82;17:00;29/07/2022;29/07/2022;Peatón
Masculino;26;3:30;30/07/2022;30/07/2022;Conductor
Femenino;82;12:10;23/07/2022;30/07/2022;Peatón
Masculino;20;13:25;31/07/2022;31/07/2022;Motociclista
Masculino;25;2:30;1/08/2022;1/08/2022;Motociclista
Masculino;5;17:58;1/08/2022;1/08/2022;Peatón
Femenino;59;15:50;2/08/2022;2/08/2022;Peatón
Masculino;23;.;17/07/2022;2/08/2022;Motociclista
Masculino;17;.;27/07/2022;4/08/2022;Parrillero
Masculino;91;.;23/06/2022;5/08/2022;Peatón
Masculino;49;22:20;7/08/2022;7/08/2022;Motociclista
Masculino;20;.;8/08/2022;8/08/2022;Parrillero
Masculino;18;23:20;8/08/2022;8/08/2022;Motociclista
Masculino;43;11:33;9/08/2022;9/08/2022;Peatón
Masculino;21;17:00;8/08/2022;9/08/2022;Motociclista
Masculino;72;18:40;7/08/2022;9/08/2022;Peatón
Masculino;33;4:30;13/08/2022;13/08/2022;Motociclista
Masculino;25;3:27;16/08/2022;16/08/2022;Motociclista
Masculino;24;17:55;18/08/2022;18/08/2022;Motociclista
Masculino;63;10:35;19/08/2022;19/08/2022;Motociclista
Femenino;30;4:30;20/08/2022;20/08/2022;Motociclista
Masculino;26;21:00;20/08/2022;20/08/2022;Motociclista
Masculino;21;0:32;23/07/2022;20/08/2022;Peatón
Masculino;69;8:20;24/08/2022;24/08/2022;Ciclista
Masculino;56;.;22/08/2022;24/08/2022;Conductor
Masculino;50;4:50;14/08/2022;26/08/2022;Motociclista
Masculino;65;10:40;27/08/2022;27/08/2022;Peatón
Masculino;19;7:20;27/08/2022;27/08/2022;Motociclista
Masculino;22;2:05;28/08/2022;28/08/2022;Motociclista
Femenino;49;1:10;28/08/2022;28/08/2022;Motociclista
Masculino;25;8:10;29/08/2022;29/08/2022;Motociclista
Masculino;31;12:30;20/08/2022;29/08/2022;Motociclista
Masculino;64;22:40;27/08/2022;31/08/2022;Peatón
Masculino;57;.;20/08/2022;31/08/2022;Motociclista
Masculino;81;6:40;2/09/2022;2/09/2022;Peatón
Masculino;29;23:00;14/08/2022;2/09/2022;Motociclista
Masculino;87;11:30;31/08/2022;3/09/2022;Peatón
Femenino;45;11:35;6/09/2022;6/09/2022;Parrillero
Masculino;39;.;6/09/2022;6/09/2022;Motociclista
Masculino;71;9:05;9/09/2022;9/09/2022;Ciclista
Masculino;80;18:30;4/09/2022;9/09/2022;Peatón
Femenino;17;0:30;10/09/2022;10/09/2022;Parrillero
Femenino;30;2:50;10/09/2022;10/09/2022;Parrillero
Masculino;90;19:30;28/08/2022;11/09/2022;Peatón
Masculino;63;20:10;12/09/2022;12/09/2022;Motociclista
Masculino;19;6:51;8/09/2022;12/09/2022;Motociclista
Masculino;52;23:30;6/09/2022;12/09/2022;Peatón
Masculino;61;9:20;23/08/2022;14/09/2022;Motociclista
Masculino;50;6:10;15/09/2022;15/09/2022;Motociclista
Masculino;36;6:25;3/09/2022;15/09/2022;Pasajero de Auto
Masculino;40;.;30/08/2022;16/09/2022;Sin dato
Femenino;21;3:00;17/09/2022;17/09/2022;Motociclista
Masculino;49;13:15;17/09/2022;17/09/2022;Motociclista
Masculino;18;14:40;17/09/2022;17/09/2022;Motociclista
Masculino;74;19:15;18/09/2022;18/09/2022;Peatón
Masculino;21;1:50;18/09/2022;18/09/2022;Motociclista
Masculino;22;15:50;18/09/2022;18/09/2022;Motociclista
Femenina;73;.;17/09/2022;18/09/2022;Peatón
Masculino;48;20:30;19/09/2022;19/09/2022;Motociclista
Masculino;85;20:30;4/09/2022;19/09/2022;Peatón
Masculino;23;.;25/08/2022;20/09/2022;Motociclista
Masculino;83;15:00;21/09/2022;22/09/2022;Peatón
Masculino;33;6:40;3/06/2022;22/09/2022;Motociclista
Femenino;29;.;23/09/2022;23/09/2022;Motociclista
Femenino;24;12:49;24/09/2022;24/09/2022;Motociclista
Femenino;30;6:50;10/09/2022;24/09/2022;Motociclista
Masculino;49;12:30;25/09/2022;25/09/2022;Motociclista
Masculino;61;13:25;4/08/2022;26/09/2022;Motociclista
Masculino;45;19:00;28/09/2022;28/09/2022;Motociclista
Masculino;58;16:18;26/09/2022;28/09/2022;Ciclista
Masculino;71;20:20;1/10/2022;1/10/2022;Peatón
Masculino;19;4:20;2/10/2022;2/10/2022;Motociclista
Femenino;38;15:00;4/10/2022;4/10/2022;Parrillero
Masculino;25;5:50;5/10/2022;5/10/2022;Motociclista
Masculino;60;.;.;7/10/2022;Peatón
Masculino;21;0:20;8/10/2022;8/10/2022;Motociclista
Masculino;48;20:35;8/10/2022;8/10/2022;Motociclista
Masculino;43;22:40;26/09/2022;8/10/2022;Peatón
Masculino;18;0:05;9/10/2022;9/10/2022;Motociclista
Masculino;24;13:00;10/10/2022;10/10/2022;Motociclista
Masculino;38;22:30;17/07/2022;10/10/2022;Motociclista
Masculino;79;9:15;11/10/2022;11/10/2022;Ciclista
Femenino;15;0:05;9/10/2022;11/10/2022;Parrillero
Masculino;26;19:20;8/10/2022;12/10/2022;Peatón
Masculino;18;22:20;13/10/2022;13/10/2022;Motociclista
Masculino;32;16:10;14/10/2022;14/10/2022;Motociclista
Masculino;73;12:40;15/10/2022;15/10/2022;Ciclista
Masculino;55;.;5/10/2022;16/10/2022;Peatón
Masculino;72;9:00;7/08/2022;16/10/2022;Peatón
Masculino;35;4:35;17/10/2022;18/10/2022;Motociclista
Masculino;25;.;14/10/2022;18/10/2022;Parrillero
Masculino;28;.;19/10/2022;19/10/2022;Motociclista
Masculino;23;23:00;20/10/2022;20/10/2022;Motociclista
Masculino;79;17:50;13/10/2022;21/10/2022;Peatón
Masculino;24;3:10;23/10/2022;23/10/2022;Motociclista
Masculino;17;15:10;23/10/2022;23/10/2022;Motociclista
Masculino;30;1:20;24/10/2022;26/10/2022;Motociclista
Masculino;26;4:30;29/10/2022;29/10/2022;Motociclista
Masculino;89;19:30;30/10/2022;30/10/2022;Peatón
Masculino;32;0:20;31/10/2022;31/10/2022;Motociclista
Masculino;40;.;31/10/2022;31/10/2022;Peatón
Masculino;54;17:40;3/11/2022;4/11/2022;Ciclista
Masculino;42;0:25;5/11/2022;5/11/2022;Motociclista
Masculino;42;8:30;6/11/2022;6/11/2022;Motociclista
Femenino;52;.;2/11/2022;6/11/2022;Ciclista
Femenino;2;13:25;8/11/2022;8/11/2022;Parrillero
Femenino;47;5:50;9/11/2022;9/11/2022;Parrillero
Masculino;26;.;6/11/2022;9/11/2022;Motociclista
Masculino;67;13:43;1/08/2022;10/11/2022;Motociclista
Masculino;36;14:00;31/10/2022;11/11/2022;Motociclista
Masculino;22;8:30;12/11/2022;12/11/2022;Motociclista
Masculino;42;.;12/11/2022;12/11/2022;Motociclista
Masculino;62;.;4/10/2022;14/11/2022;Ciclista
Masculino;69;.;15/11/2022;15/11/2022;Motociclista
Masculino;54;21:00;25/11/2022;25/11/2022;Motociclista
Masculino;35;16:00;26/11/2022;26/11/2022;Motociclista
Masculino;19;17:00;25/11/2022;26/11/2022;Motociclista
Masculino;77;5:40;23/11/2022;29/11/2022;Peatón
Masculino;67;11:46;29/11/2022;30/11/2022;Peatón
Masculino;27;20:00;1/12/2022;1/12/2022;Motociclista
Masculino;41;18:40;1/12/2022;1/12/2022;Ciclista
Masculino;37;.;30/04/2022;2/12/2022;Peatón
Masculino;52;19:30;3/12/2022;3/12/2022;Peatón
Masculino;67;.;27/11/2022;3/12/2022;Peatón
Masculino;58;.;8/09/2022;5/12/2022;Parrillero
Femenino;52;11:15;29/01/2022;5/12/2022;Peatón
Masculino;77;8:00;6/12/2022;6/12/2022;Peatón
Masculino;76;.;25/11/2022;6/12/2022;Peatón
Masculino;40-45;20:30;7/12/2022;7/12/2022;Peatón
Masculino;88;20:30;7/12/2022;8/12/2022;Peatón
Masculino;32;5:00;3/12/2022;10/12/2022;Peatón
Masculino;43;1:15;11/12/2022;11/12/2022;Motociclista
Masculino;29;0:15;11/12/2022;11/12/2022;Motociclista
Masculino;63;10:24;6/12/2022;11/12/2022;Ciclista
Masculino;80;14:50;13/12/2022;13/12/2022;Peatón
Masculino;24;.;19/03/2022;13/12/2022;Motociclista
Masculino;35-45;21:00;14/12/2022;14/12/2022;Peatón
Masculino;57;17:00;14/12/2022;15/12/2022;Ciclista
Masculino;23;.;16/12/2022;18/12/2022;Motociclista
Masculino;35;9:10;19/12/2022;19/12/2022;Parrillero
Masculino;45;9:10;19/12/2022;19/12/2022;Motociclista
Masculino;67;18:00;20/12/2022;20/12/2022;Ciclista
Masculino;59;.;17/12/2022;20/12/2022;Peatón
Femenino;67;10:16;20/12/2022;22/12/2022;Peatón
Masculino;66;0:39;24/12/2022;24/12/2022;Ciclista
Masculino;22;7:11;25/12/2022;25/12/2022;Motociclista
Masculino;35;5:20;26/12/2022;26/12/2022;Motociclista
Masculino;30;11:30;25/12/2022;26/12/2022;Parrillero
Masculino;26;.;.;27/12/2022;Sin dato
Masculino;64;6:20;27/12/2022;27/12/2022;Pasajero de Auto
Masculino;59;6:20;27/12/2022;27/12/2022;Ciclista
Masculino;59;16:40;5/09/2022;27/12/2022;Motociclista
Masculino;30;21:15;28/12/2022;28/12/2022;Motociclista
Masculino;68;6:55;29/12/2022;29/12/2022;Motociclista
Femenino;20;19:30;29/12/2022;29/12/2022;Parrillero
Femenino;24;19:30;29/12/2022;29/12/2022;Motociclista
Masculino;20;2:00;24/12/2022;29/12/2022;Motociclista
Masculino;72;.;29/12/2022;31/12/2022;Peatón
Femenino;89;.;23/12/2022;31/12/2022;Peatón
Masculino;45;9:40;1/01/2023;1/01/2023;Motociclista
Masculino;72;4:40;1/01/2023;1/01/2023;Peatón
Masculino;20;22:48;1/01/2023;1/01/2023;Motociclista
Masculino;44;8:00;1/01/2023;2/01/2023;Motociclista
Femenino;27;.;28/12/2022;2/01/2023;Peatón
Masculino;75;.;20/12/2022;4/01/2023;Ciclista
Masculino;59;21:00;5/01/2023;5/01/2023;Peatón
Masculino;81;15:40;4/01/2023;5/01/2023;Ciclista
Masculino;51;18:50;4/01/2023;5/01/2023;Peatón
Masculino;42;4:00;25/12/2022;5/01/2023;Parrillero
Masculino;38;10:24;1/01/2023;6/01/2023;Motociclista
Masculino;31;.;7/01/2023;7/01/2023;Motociclista
Masculino;68;18:30;6/01/2023;7/01/2023;Ciclista
Masculino;70;7:00;10/01/2023;10/01/2023;Peatón
Masculino;72;6:30;12/01/2023;12/01/2023;Peatón
Masculino;80;.;13/01/2023;13/01/2023;Peatón
Masculino;25-30;1:50;15/01/2023;15/01/2023;Peatón
Femenino;19;16:00;14/01/2023;15/01/2023;Parrillero
Masculino;78;10:30;16/01/2023;20/01/2023;Peatón
Masculino;62;16:45;16/01/2023;21/01/2023;Motociclista
Masculino;75;21:30;22/01/2023;22/01/2023;Peatón
Masculino;24;23:40;22/01/2023;23/01/2023;Motociclista
Masculino;60;12:45;24/01/2023;24/01/2023;Peatón
Masculino;20;4:20;23/01/2023;24/01/2023;Motociclista
Masculino;84;15:35;18/01/2023;25/01/2023;Peatón
Masculino;64;8:50;27/01/2023;27/01/2023;Peatón
Femenino;16;.;27/01/2023;27/01/2023;Parrillero
Masculino;84;7:00;16/01/2023;28/01/2023;Peatón
Femenino;77;17:50;14/01/2023;30/01/2023;Peatón
Masculino;22;.;.;31/01/2023;Motociclista
Masculino;27;6:40;1/02/2023;1/02/2023;Motociclista
Masculino;21;22:45;2/02/2023;3/02/2023;Motociclista
Masculino;19;3:20;4/02/2023;4/02/2023;Motociclista
Femenino;22;3:20;4/02/2023;4/02/2023;Parrillero
Masculino;30;6:50;4/02/2023;4/02/2023;Motociclista
Masculino;28;2:40;29/01/2023;4/02/2023;Motociclista
Femenino;72;7:10;27/01/2023;5/02/2023;Peatón
Femenino;21;2:10;6/02/2023;6/02/2023;Motociclista
Masculino;75;11:45;7/02/2023;7/02/2023;Ciclista
Femenino;30;6:50;7/02/2023;7/02/2023;Peatón
Masculino;83;10:30;6/02/2023;7/02/2023;Peatón
Masculino;18;22:45;2/02/2023;7/02/2023;Parrillero
Masculino;72;0:44;11/12/2022;7/02/2023;Peatón
Masculino;75;18:40;11/02/2023;11/02/2023;Peatón
Masculino;61;11:15;19/11/2022;12/02/2023;Peatón
Masculino;39;13:00;12/02/2023;13/02/2023;Motociclista
Masculino;49;16:15;13/02/2023;14/02/2023;Peatón
Masculino;73;16:55;12/02/2023;14/02/2023;Peatón
Femenino;54;21:45;15/02/2023;15/02/2023;Peatón
Masculino;76;19:30;16/02/2023;16/02/2023;Peatón
Masculino;25;.;28/01/2023;16/02/2023;Peatón
Masculino;38;7:05;19/02/2023;19/02/2023;Conductor
Masculino;23;14:18;23/02/2023;23/02/2023;Motociclista
Masculino;50;21:00;23/02/2023;23/02/2023;Motociclista
Masculino;54;15:30;24/02/2023;24/02/2023;Parrillero
Femenino;81;.;23/02/2023;24/02/2023;Peatón
Masculino;65;.;18/01/2023;24/02/2023;Sin dato
Masculino;36;0:50;25/02/2023;25/02/2023;Motociclista
Masculino;64;7:20;25/02/2023;25/02/2023;Motociclista
Masculino;56;8:04;26/02/2023;27/02/2023;Motociclista
Femenino;76;.;25/02/2023;27/02/2023;Peatón
Femenino;74;21:40;28/02/2023;28/02/2023;Peatón
Femenino;40;.;23/02/2023;28/02/2023;Motociclista
Masculino;22;6:50;1/03/2023;4/03/2023;Peatón
Masculino;17;21:50;5/03/2023;5/03/2023;Motociclista
Femenino;65;20:00;6/03/2023;6/03/2023;Peatón
Femenino;84;.;6/03/2023;7/03/2023;Peatón
Femenino;33;11:30;25/02/2023;8/03/2023;Motociclista
Masculino;58;19:30;10/03/2023;10/03/2023;Peatón
Masculino;46;23:30;9/03/2023;10/03/2023;Motociclista
Masculino;43;.;6/03/2023;10/03/2023;Peatón
Masculino;21;11:00;12/03/2023;12/03/2023;Motociclista
Femenino;31;.;.;13/03/2023;Motociclista
Masculino;52;6:30;6/03/2023;14/03/2023;Motociclista
Masculino;63;18:45;16/03/2023;16/03/2023;Motociclista
Masculino;27;1:15;17/03/2023;17/03/2023;Motociclista
Masculino;72;.;8/03/2023;17/03/2023;Peatón
Masculino;64;17:10;18/03/2023;18/03/2023;Ciclista
Masculino;34;.;21/03/2023;21/03/2023;Motociclista
Masculino;39;5:00;23/03/2023;23/03/2023;Motociclista
Masculino;65;11:45;25/03/2023;25/03/2023;Ciclista
Masculino;20;23:30;25/03/2023;26/03/2023;Motociclista
Femenino;84;.;.;4/04/2023;Peatón
Masculino;67;9:25;16/02/2023;4/04/2023;Ciclista
Femenino;48;6:50;5/04/2023;5/04/2023;Parrillero
Femenino;31;0:30;6/04/2023;6/04/2023;Peatón
Masculino;42;.;.;7/04/2023;Peatón
Femenino;83;.;.;7/04/2023;Peatón
Masculino;55;8:00;9/04/2023;9/04/2023;Motociclista
Masculino;74;4:15;.;12/04/2023;Peatón
Masculino;21;1:27;.;15/04/2023;Motociclista
Masculino;20;6:03;.;16/04/2023;Motociclista
Femenino;22;1:57;.;17/04/2023;Parrillero
Masculino;43;.;.;17/04/2023;Peatón
Masculino;58;.;.;20/04/2023;Peatón
Masculino;27;1:57;.;22/04/2023;Motociclista
Masculino;88;.;.;23/04/2023;Peatón
Masculino;9;15:20;.;27/04/2023;Pasajero de Auto
Femenino;25;.;.;27/04/2023;Parrillero
Masculino;24;6:30;.;30/04/2023;Motociclista
Masculino;20;17:30;.;6/05/2023;Motociclista
Femenino;41;1:30;.;7/05/2023;Parrillero
Masculino;46;1:10;.;7/05/2023;Motociclista
Masculino;56;1:10;.;7/05/2023;Motociclista
Masculino;25;4:00;.;7/05/2023;Motociclista
Femenino;29;19:30;.;7/05/2023;Parrillero
Masculino;87;18:50;.;10/05/2023;Peatón
Masculino;20;2:35;.;13/05/2023;Motociclista
Femenino;22;2:20;.;13/05/2023;Motociclista
Masculino;29;.;.;13/05/2023;Parrillero
Femenino;35;18:50;.;14/05/2023;Peatón
Femenino;3;18:50;.;14/05/2023;Peatón
Femenino;53;.;.;15/05/2023;Parrillero
Femenino;28;21:10;.;17/05/2023;Motociclista
Femenino;80;19:23;.;17/05/2023;Pasajero de Auto
Masculino;68;9:50;.;18/05/2023;Peatón
Femenino;38;23:30;.;18/05/2023;Peatón
Masculino;50;.;.;18/05/2023;Motociclista
Femenino;31;.;.;19/05/2023;Motociclista
Femenino;43;3:10;.;20/05/2023;Peatón
Masculino;61;17:30;.;22/05/2023;Motociclista
Masculino;43;13:50;.;22/05/2023;Peatón
Masculino;19;.;.;22/05/2023;Motociclista
Masculino;17;.;.;23/05/2023;Motociclista
Masculino;21;0:10;.;24/05/2023;Motociclista
Masculino;61;13:30;.;26/05/2023;Ciclista
Femenino;75;19:10;.;26/05/2023;Peatón
Masculino;81;.;.;26/05/2023;Peatón
Masculino;26;1:20;.;27/05/2023;Motociclista
Masculino;58;3:10;.;29/05/2023;Motociclista
Masculino;81;9:50;.;30/05/2023;Peatón
Masculino;22;1:10;.;1/06/2023;Motociclista
Masculino;18;3:15;.;1/06/2023;Pasajero de Auto
Masculino;69;.;.;2/06/2023;Ciclista
Femenino;19;3:30;.;4/06/2023;Motociclista
Masculino;23;13:20;.;4/06/2023;Motociclista
Femenino;19;13:20;.;4/06/2023;Parrillero
Femenino;85;20:00;.;4/06/2023;Peatón
Masculino;49;5:40;.;5/06/2023;Motociclista
Femenino;69;16:50;.;5/06/2023;Peatón
Masculino;14;.;.;5/06/2023;Motociclista
Femenino;92;.;.;5/06/2023;Peatón
Masculino;63;13:20;.;8/06/2023;Ciclista
Masculino;20;.;.;9/06/2023;Motociclista
Masculino;26;.;.;10/06/2023;Motociclista
Masculino;83;19:06;.;14/06/2023;Peatón
Masculino;24;2:20;.;18/06/2023;Motociclista
Masculino;23;10:35;.;19/06/2023;Motociclista
Masculino;36;.;.;20/06/2023;Motociclista
Masculino;24;1:45;.;21/06/2023;Motociclista
Masculino;23;.;.;23/06/2023;Motociclista
Femenino;75;12:40;.;24/06/2023;Peatón
Masculino;83;.;.;24/06/2023;Peatón
Masculino;34;.;.;25/06/2023;Peatón
Masculino;30;3:05;.;26/06/2023;Motociclista
Masculino;53;19:00;.;2/07/2023;Motociclista
Masculino;65;8:45;.;4/07/2023;Pasajero de Auto
Masculino;39;.;.;6/07/2023;Motociclista
Masculino;28;.;.;7/07/2023;Motociclista
Masculino;51;16:07;.;8/07/2023;Peatón
Masculino;25;2:30;.;15/07/2023;Motociclista
Masculino;48;.;.;15/07/2023;Motociclista
Femenino;44;11:33;.;16/07/2023;Parrillero
Masculino;61;.;.;16/07/2023;Peatón
Masculino;27;.;.;16/07/2023;Motociclista
Masculino;75;6:10;.;18/07/2023;Peatón
Masculino;40;2:15;.;19/07/2023;Conductor
Masculino;30;4:40;.;19/07/2023;Conductor
Masculino;23;.;.;21/07/2023;Motociclista
Masculino;35;5:15;.;23/07/2023;Motociclista
Masculino;65;20:20;.;26/07/2023;Motociclista
Femenino;70;.;.;27/07/2023;Peatón
Femenino;27;9:30;.;28/07/2023;Parrillero
Masculino;23;9:30;.;28/07/2023;Motociclista
Masculino;24;22:00;.;28/07/2023;Motociclista
Masculino;22;2:00;.;31/07/2023;Motociclista
Masculino;30;2:00;.;31/07/2023;Motociclista
Masculino;22;23:00;.;2/08/2023;Motociclista
Masculino;23;23:00;.;2/08/2023;Motociclista
Femenino;15;.;.;3/08/2023;Parrillero
Masculino;73;15:16;.;4/08/2023;Peatón
Masculino;69;9:20;.;6/08/2023;Peatón
Masculino;21;18:40;.;6/08/2023;Motociclista
Masculino;30;2:40;.;7/08/2023;Motociclista
Masculino;33;1:00;.;7/08/2023;Peatón
Masculino;48;.;.;11/08/2023;Motociclista
Masculino;84;20:00;.;11/08/2023;Peatón
Masculino;25;22:50;.;12/08/2023;Motociclista
Femenino;75;.;.;12/08/2023;Peatón
Femenino;78;18:00;.;15/08/2023;Peatón
Femenino;73;.;.;15/08/2023;Peatón
Masculino;21;.;.;16/08/2023;Ciclista
Masculino;65;18:09;.;17/08/2023;Motociclista
Femenino;30;.;.;17/08/2023;Motociclista
Masculino;62;12:40;.;19/08/2023;Peatón
Femenino;30;18:10;.;19/08/2023;Peatón
Masculino;61;7:30;.;19/08/2023;Conductor
Masculino;21;16:28;.;20/08/2023;Motociclista
Masculino;42;6:50;.;26/08/2023;Motociclista
Masculino;42;3:00;.;27/08/2023;Motociclista
Masculino;31;2:50;.;28/08/2023;Motociclista
Masculino;42;4:20;.;1/09/2023;Motociclista
Femenino;32;.;.;4/09/2023;Peatón
Masculino;63;20:05;.;5/09/2023;Peatón
Masculino;82;6:50;.;9/09/2023;Peatón
Masculino;19;7:30;.;10/09/2023;Peatón
Femenino;74;11:00;.;11/09/2023;Peatón
Masculino;74;15:00;.;13/09/2023;Ciclista
Masculino;73;.;.;17/09/2023;Peatón
Masculino;70;.;.;20/09/2023;Motociclista
Masculino;91;18:45;.;21/09/2023;Peatón
Masculino;14;20:00;.;22/09/2023;Motociclista
Masculino;78;.;.;22/09/2023;Peatón
Masculino;45;22:00;.;1/10/2023;Peatón
Femenino;67;19:50;.;2/10/2023;Parrillero
Masculino;26;21:00;.;3/10/2023;Motociclista
Femenino;76;19:15;.;5/10/2023;Peatón
Femenino;77;6:40;.;10/10/2023;Sin dato
Femenino;29;.;.;12/10/2023;Sin dato
Masculino;28;.;.;17/10/2023;Motociclista
Masculino;70;21:00;.;19/10/2023;Peatón
Masculino;50;.;.;19/10/2023;Sin dato
Masculino;34;.;.;19/10/2023;Motociclista
Masculino;32;.;.;21/10/2023;Sin dato
Femenino;33;21:00;.;23/10/2023;Motociclista
Masculino;42;5:20;.;25/10/2023;Motociclista
Masculino;39;18:15;.;26/10/2023;Peatón
Femenino;20;14:00;.;26/10/2023;Parrillero
Masculino;27;.;.;26/10/2023;Sin dato
Masculino;74;19:30;.;27/10/2023;Peatón
Masculino;27;0:00;.;1/11/2023;Motociclista
Femenino;32;1:10;.;7/11/2023;Parrillero
Masculino;62;12:50;.;8/11/2023;Ciclista
Masculino;40;.;28/11/2022;.;Ciclista
Masculino;23;3:00;14/03/2020;.;Motociclista
Masculino;71;4:30;29/12/2017;.;Ciclista
Masculino;91;7:35;22/04/2016;.;Peatón
